"ensembl_id","Astrocytes"
"ENSG00000166535",6.017640211
"ENSG00000094914",15.97370577
"ENSG00000109576",24.61279393
"ENSG00000157426",33.87243092
"ENSG00000008311",121.2399464
"ENSG00000165029",32.427451
"ENSG00000173208",21.08863104
"ENSG00000117528",15.59220202
"ENSG00000119688",9.200558754
"ENSG00000140526",18.49624309
"ENSG00000138443",17.50019423
"ENSG00000099204",71.86337868
"ENSG00000060971",13.03954914
"ENSG00000132142",15.59403305
"ENSG00000076555",12.61466353
"ENSG00000117054",28.56639652
"ENSG00000072778",78.76016836
"ENSG00000114331",27.00610904
"ENSG00000122729",11.03416426
"ENSG00000100412",26.60430233
"ENSG00000162390",15.04236233
"ENSG00000112304",10.98077571
"ENSG00000119673",5.945796602
"ENSG00000205669",12.1700721
"ENSG00000161533",12.97268726
"ENSG00000087008",6.300849016
"ENSG00000103740",40.89753044
"ENSG00000154930",49.53144022
"ENSG00000111058",24.72276647
"ENSG00000168803",17.24058545
"ENSG00000078295",34.31448273
"ENSG00000155897",18.20962111
"ENSG00000078549",38.41607978
"ENSG00000087274",26.93599136
"ENSG00000148700",147.0530485
"ENSG00000197894",19.52742258
"ENSG00000147576",43.81349498
"ENSG00000182551",20.95883893
"ENSG00000170425",33.82872767
"ENSG00000120907",20.14287591
"ENSG00000043591",18.85129026
"ENSG00000106351",4.169462175
"ENSG00000162688",24.778871
"ENSG00000155189",13.48403017
"ENSG00000135744",210.2291438
"ENSG00000153207",11.38880169
"ENSG00000168710",210.55159
"ENSG00000158467",76.44437703
"ENSG00000146416",32.7854423
"ENSG00000106992",15.92965801
"ENSG00000147853",48.11159342
"ENSG00000162433",27.10297771
"ENSG00000118507",21.72791047
"ENSG00000011243",20.1316746
"ENSG00000127914",28.84760022
"ENSG00000053371",9.883262875
"ENSG00000105221",4.44805861
"ENSG00000165092",75.64084465
"ENSG00000144908",18.72173895
"ENSG00000111275",114.2393736
"ENSG00000119711",20.11074241
"ENSG00000164904",27.18955536
"ENSG00000143149",37.13980535
"ENSG00000189046",6.491792139
"ENSG00000155754",3.353346822
"ENSG00000155749",6.74011784
"ENSG00000126016",14.48477375
"ENSG00000145020",8.514076595
"ENSG00000240038",18.55077554
"ENSG00000167772",80.9644941
"ENSG00000145362",70.71190959
"ENSG00000151687",17.35800745
"ENSG00000166839",49.88948962
"ENSG00000153930",14.24290245
"ENSG00000185722",8.576449194
"ENSG00000163516",8.831056363
"ENSG00000169604",14.34785918
"ENSG00000065000",9.391585566
"ENSG00000185009",10.83364335
"ENSG00000113108",11.8605635
"ENSG00000134982",97.59034779
"ENSG00000154856",36.1018374
"ENSG00000164062",11.16392625
"ENSG00000100823",43.12423829
"ENSG00000130203",277.4950503
"ENSG00000155008",48.92584799
"ENSG00000171885",379.4691293
"ENSG00000149182",15.49523753
"ENSG00000134884",150.1582493
"ENSG00000134909",31.41290976
"ENSG00000100852",71.05516876
"ENSG00000132694",8.192239883
"ENSG00000196914",26.54274647
"ENSG00000114790",51.75524464
"ENSG00000136002",28.54989023
"ENSG00000117713",16.0520985
"ENSG00000189079",13.62076967
"ENSG00000138175",20.55146318
"ENSG00000177917",19.51663796
"ENSG00000118690",17.48253169
"ENSG00000137486",13.40846118
"ENSG00000062096",5.384822706
"ENSG00000180801",4.779796164
"ENSG00000153317",34.84618905
"ENSG00000151693",33.38259734
"ENSG00000088280",8.134605018
"ENSG00000148331",11.97506662
"ENSG00000177981",16.45154202
"ENSG00000139352",6.708289226
"ENSG00000111875",26.9642526
"ENSG00000198363",65.29308369
"ENSG00000162174",33.69810262
"ENSG00000152092",30.86003038
"ENSG00000148219",27.39720898
"ENSG00000119778",10.41758196
"ENSG00000198925",5.628311447
"ENSG00000138363",18.83005737
"ENSG00000119787",31.31185119
"ENSG00000127249",105.1833057
"ENSG00000018625",329.0142041
"ENSG00000129244",427.0341285
"ENSG00000058668",27.1112336
"ENSG00000165629",59.06648704
"ENSG00000205464",8.948626044
"ENSG00000143515",4.892603555
"ENSG00000123472",21.15107137
"ENSG00000204842",19.38090376
"ENSG00000167601",80.1558544
"ENSG00000162885",13.9401916
"ENSG00000172318",4.519762599
"ENSG00000164929",86.78307668
"ENSG00000123636",54.3260408
"ENSG00000129151",39.30586194
"ENSG00000125124",65.48361217
"ENSG00000140463",15.93534308
"ENSG00000132692",61.69873983
"ENSG00000083123",43.517675
"ENSG00000171791",25.43833665
"ENSG00000113916",40.69859352
"ENSG00000186716",5.857467464
"ENSG00000161267",4.833017409
"ENSG00000122870",13.5878644
"ENSG00000151746",19.89050694
"ENSG00000115760",26.76209957
"ENSG00000101144",20.1362943
"ENSG00000107779",12.89530291
"ENSG00000138696",118.2853553
"ENSG00000145919",11.02606376
"ENSG00000112983",19.73162468
"ENSG00000189195",18.17094583
"ENSG00000005379",11.93188293
"ENSG00000149179",28.22748608
"ENSG00000111412",13.79205399
"ENSG00000227051",7.811185031
"ENSG00000133943",20.71121584
"ENSG00000139971",16.26315944
"ENSG00000108666",10.12384211
"ENSG00000224877",20.85479105
"ENSG00000116667",16.66122164
"ENSG00000162642",25.84941935
"ENSG00000125462",173.6697077
"ENSG00000088854",35.40835275
"ENSG00000196476",10.31411419
"ENSG00000115998",7.575130037
"ENSG00000135974",5.868067384
"ENSG00000204128",52.10170264
"ENSG00000088543",5.558060574
"ENSG00000187068",28.91091196
"ENSG00000154274",35.87119178
"ENSG00000106804",6.075802836
"ENSG00000243317",23.08278981
"ENSG00000156172",5.558620616
"ENSG00000189376",5.82963847
"ENSG00000160345",3.684715686
"ENSG00000164972",14.14793854
"ENSG00000185015",1.955789296
"ENSG00000178538",13.07343141
"ENSG00000134508",55.16077914
"ENSG00000158966",49.73545067
"ENSG00000067191",7.46991968
"ENSG00000165995",126.995731
"ENSG00000182985",127.2145861
"ENSG00000183166",12.46047755
"ENSG00000179218",42.49450953
"ENSG00000148660",87.29612023
"ENSG00000143919",40.7325523
"ENSG00000171735",44.45012543
"ENSG00000162909",44.28022734
"ENSG00000135387",20.81347459
"ENSG00000180881",14.49843419
"ENSG00000213995",10.97218901
"ENSG00000166734",33.73975427
"ENSG00000164305",20.1261743
"ENSG00000165806",12.35039192
"ENSG00000132906",4.889117913
"ENSG00000121691",52.42109996
"ENSG00000078699",16.37510967
"ENSG00000145439",24.06890054
"ENSG00000094916",17.25412081
"ENSG00000100211",13.45228306
"ENSG00000048342",11.59188693
"ENSG00000137944",27.70204812
"ENSG00000164366",3.706397082
"ENSG00000147419",16.03183521
"ENSG00000160050",4.062958313
"ENSG00000164051",5.324936965
"ENSG00000160124",6.311614198
"ENSG00000205476",3.013533982
"ENSG00000119242",9.925796579
"ENSG00000221978",32.2012121
"ENSG00000132141",4.999473694
"ENSG00000079335",21.14362627
"ENSG00000130177",51.25993378
"ENSG00000094880",8.561974702
"ENSG00000105401",31.16259301
"ENSG00000179604",30.10419525
"ENSG00000170558",50.47111978
"ENSG00000101542",120.2050034
"ENSG00000179242",16.01179575
"ENSG00000128536",17.17421304
"ENSG00000101391",11.81058433
"ENSG00000108465",30.72798496
"ENSG00000163624",15.19703616
"ENSG00000138092",2.078575962
"ENSG00000103995",7.268112355
"ENSG00000101639",13.59931307
"ENSG00000135837",24.77163082
"ENSG00000101624",3.145702241
"ENSG00000111860",34.72539656
"ENSG00000100532",24.92299533
"ENSG00000143942",6.848158354
"ENSG00000111642",18.17385141
"ENSG00000124177",16.23986659
"ENSG00000177200",58.03349536
"ENSG00000016391",5.88266741
"ENSG00000133048",62.97062951
"ENSG00000110721",108.8333389
"ENSG00000111666",53.28354451
"ENSG00000101938",49.42629116
"ENSG00000175264",17.75365062
"ENSG00000115526",11.56014271
"ENSG00000147119",16.86189796
"ENSG00000154080",6.557147832
"ENSG00000099622",59.38421767
"ENSG00000166165",358.6125234
"ENSG00000074054",27.04325508
"ENSG00000134873",118.0763673
"ENSG00000157224",7.566890629
"ENSG00000038532",12.24969659
"ENSG00000130779",21.56677586
"ENSG00000102805",11.98800062
"ENSG00000104853",15.71478288
"ENSG00000120885",543.5278412
"ENSG00000164237",4.483656107
"ENSG00000164309",11.74295357
"ENSG00000143786",6.740573848
"ENSG00000117519",111.5688404
"ENSG00000080802",20.19779476
"ENSG00000122756",31.79229296
"ENSG00000106714",7.892968672
"ENSG00000068120",4.791494743
"ENSG00000103051",13.94897459
"ENSG00000168434",10.29540309
"ENSG00000060718",14.97275481
"ENSG00000080573",112.7329717
"ENSG00000144524",8.442068194
"ENSG00000135469",15.27805494
"ENSG00000110871",20.837106
"ENSG00000167186",4.789164408
"ENSG00000088682",20.15634836
"ENSG00000014919",12.54880023
"ENSG00000203667",13.48839245
"ENSG00000109472",602.6312624
"ENSG00000107864",26.67319211
"ENSG00000113742",50.76675475
"ENSG00000214078",31.75032403
"ENSG00000085719",19.30925826
"ENSG00000100884",19.29859581
"ENSG00000104324",41.21148271
"ENSG00000160917",5.705832914
"ENSG00000149532",13.82165989
"ENSG00000110090",14.16353085
"ENSG00000134376",27.32152544
"ENSG00000163703",21.93364441
"ENSG00000184164",6.142988671
"ENSG00000146215",2.94743354
"ENSG00000121005",4.123412179
"ENSG00000099942",15.34787646
"ENSG00000121671",14.73581616
"ENSG00000116791",11.32898787
"ENSG00000062485",19.50149336
"ENSG00000147408",73.79433858
"ENSG00000101266",18.70842948
"ENSG00000114646",30.18763623
"ENSG00000159176",59.55647928
"ENSG00000101439",425.0986772
"ENSG00000175215",16.64100852
"ENSG00000144677",24.77054796
"ENSG00000116761",26.34804046
"ENSG00000134030",9.629515293
"ENSG00000066032",249.6075178
"ENSG00000169862",182.9253516
"ENSG00000064601",20.09489752
"ENSG00000174080",27.82312798
"ENSG00000103811",26.09359684
"ENSG00000085733",31.49526417
"ENSG00000158290",7.18264361
"ENSG00000173681",9.34343174
"ENSG00000103018",25.43599493
"ENSG00000167740",22.64870189
"ENSG00000071967",34.91324309
"ENSG00000179091",26.30472121
"ENSG00000187954",8.605522237
"ENSG00000155016",5.24624169
"ENSG00000145476",23.01729364
"ENSG00000172817",25.4562828
"ENSG00000120306",66.95160114
"ENSG00000100592",26.80724574
"ENSG00000173402",17.46674771
"ENSG00000196730",22.55305846
"ENSG00000115866",53.82633042
"ENSG00000132716",14.19720192
"ENSG00000172992",15.01272568
"ENSG00000197410",7.631223495
"ENSG00000170390",84.74879389
"ENSG00000043093",20.99538663
"ENSG00000109184",32.2665024
"ENSG00000169738",50.00095332
"ENSG00000153904",146.182914
"ENSG00000167986",10.49033644
"ENSG00000100523",12.50568349
"ENSG00000168209",60.43869485
"ENSG00000100201",140.4179856
"ENSG00000111364",5.751274743
"ENSG00000104325",45.95178624
"ENSG00000140995",12.67240323
"ENSG00000119522",19.88178073
"ENSG00000023697",15.17179727
"ENSG00000140543",2.245102833
"ENSG00000204311",15.30881115
"ENSG00000058866",23.90449202
"ENSG00000109016",8.642884538
"ENSG00000181192",11.58745894
"ENSG00000089876",15.36270589
"ENSG00000163214",6.172225152
"ENSG00000211448",63.80770081
"ENSG00000138463",11.75689221
"ENSG00000166938",12.7927241
"ENSG00000050165",85.51643057
"ENSG00000091140",23.49363953
"ENSG00000151208",6.031917956
"ENSG00000178028",6.717547091
"ENSG00000118997",15.31547227
"ENSG00000137094",3.776983363
"ENSG00000128590",24.77633984
"ENSG00000102580",40.21773252
"ENSG00000163879",5.753040097
"ENSG00000116641",44.45541462
"ENSG00000101134",43.56051145
"ENSG00000159147",11.52973867
"ENSG00000205683",12.58799884
"ENSG00000175497",169.390202
"ENSG00000178904",17.05927986
"ENSG00000113657",16.81987571
"ENSG00000157538",5.132706257
"ENSG00000151914",93.4618077
"ENSG00000134769",185.4324598
"ENSG00000135144",12.41434506
"ENSG00000178498",11.65084879
"ENSG00000187240",21.66185436
"ENSG00000138036",24.38055627
"ENSG00000205250",7.444938637
"ENSG00000145088",21.83019175
"ENSG00000123179",10.42113718
"ENSG00000121310",21.9775672
"ENSG00000127884",34.09632488
"ENSG00000116406",10.40453958
"ENSG00000136160",102.9634814
"ENSG00000103319",10.21211482
"ENSG00000203666",7.104018908
"ENSG00000115380",73.76540258
"ENSG00000172638",7.305232955
"ENSG00000096093",13.98082362
"ENSG00000183690",11.03041483
"ENSG00000084710",39.68951024
"ENSG00000146648",14.05040601
"ENSG00000129521",19.55419326
"ENSG00000115504",28.8796231
"ENSG00000113790",6.017311108
"ENSG00000181090",9.393222173
"ENSG00000119718",11.39701499
"ENSG00000115211",10.49437625
"ENSG00000106263",5.335423807
"ENSG00000178982",32.5639372
"ENSG00000148730",23.9236737
"ENSG00000062598",21.38608585
"ENSG00000197977",50.66119752
"ENSG00000012660",68.77498141
"ENSG00000109911",59.10031787
"ENSG00000186998",16.34696232
"ENSG00000170370",58.3320189
"ENSG00000168913",84.36009978
"ENSG00000151023",8.476159763
"ENSG00000074800",129.0033048
"ENSG00000197586",9.998331269
"ENSG00000115109",9.892650665
"ENSG00000154928",27.54276865
"ENSG00000143819",47.0128659
"ENSG00000120915",12.62649446
"ENSG00000112425",11.58770576
"ENSG00000187266",14.92677085
"ENSG00000136628",26.53712017
"ENSG00000127527",10.85268452
"ENSG00000132591",16.33841083
"ENSG00000141736",2.386584972
"ENSG00000104626",6.030324026
"ENSG00000196678",7.86363962
"ENSG00000117419",31.37646623
"ENSG00000068912",36.73244242
"ENSG00000147475",8.639331948
"ENSG00000196482",22.90573214
"ENSG00000140374",22.87303888
"ENSG00000171503",24.70654382
"ENSG00000006468",11.13559392
"ENSG00000182944",19.98747748
"ENSG00000081177",12.08036082
"ENSG00000090989",34.28597792
"ENSG00000182473",7.273689524
"ENSG00000171824",20.88691793
"ENSG00000104313",20.51206195
"ENSG00000108799",19.83936118
"ENSG00000092820",136.353439
"ENSG00000117525",290.7822938
"ENSG00000185010",3.393122206
"ENSG00000164687",14.61131174
"ENSG00000164434",38.29547997
"ENSG00000134824",15.50003985
"ENSG00000113194",13.28663157
"ENSG00000103876",5.117586192
"ENSG00000115042",6.334323608
"ENSG00000144199",10.6334064
"ENSG00000168309",146.5116442
"ENSG00000197798",14.67231804
"ENSG00000051009",8.578361894
"ENSG00000170264",8.50426417
"ENSG00000114023",20.81442134
"ENSG00000054965",19.31218612
"ENSG00000148468",66.3980082
"ENSG00000144369",120.8612486
"ENSG00000150756",15.48585393
"ENSG00000111879",64.22012338
"ENSG00000135063",69.71653294
"ENSG00000123575",13.25382
"ENSG00000219438",22.8681945
"ENSG00000165669",15.61376429
"ENSG00000119328",22.53062131
"ENSG00000124098",7.133065764
"ENSG00000122378",46.45095191
"ENSG00000047346",14.45663701
"ENSG00000005238",4.617817984
"ENSG00000196227",26.06885334
"ENSG00000122376",9.059076571
"ENSG00000187773",12.58193661
"ENSG00000188343",9.549047186
"ENSG00000203780",5.50860975
"ENSG00000152767",9.611146945
"ENSG00000083857",13.66576519
"ENSG00000165323",15.76946921
"ENSG00000171823",4.93956349
"ENSG00000005812",16.97333058
"ENSG00000183580",112.277197
"ENSG00000116661",28.07504479
"ENSG00000153832",9.922440755
"ENSG00000079459",42.9291966
"ENSG00000160752",31.17135923
"ENSG00000073712",38.92955841
"ENSG00000153266",7.550523178
"ENSG00000180263",19.11596471
"ENSG00000138685",27.06577211
"ENSG00000077782",8.816543932
"ENSG00000066468",64.59167705
"ENSG00000068078",151.309636
"ENSG00000127418",10.5360424
"ENSG00000172456",13.62445767
"ENSG00000198855",3.196875743
"ENSG00000182263",14.74585838
"ENSG00000179431",8.071145708
"ENSG00000106080",4.421426888
"ENSG00000122642",23.32310562
"ENSG00000185070",39.15824083
"ENSG00000155816",66.71364738
"ENSG00000167363",3.756900676
"ENSG00000187239",80.46604758
"ENSG00000176165",65.16918466
"ENSG00000150907",39.95053998
"ENSG00000100350",7.299665422
"ENSG00000150893",5.898260968
"ENSG00000166225",22.36618631
"ENSG00000167996",852.1676868
"ENSG00000172728",15.95102523
"ENSG00000172461",55.55065538
"ENSG00000010810",63.04876318
"ENSG00000151834",57.34576581
"ENSG00000163288",215.9215522
"ENSG00000163285",33.94296205
"ENSG00000258728",58.18038375
"ENSG00000136895",18.77289046
"ENSG00000185340",8.35032793
"ENSG00000257218",16.69436251
"ENSG00000239282",15.38561327
"ENSG00000070610",15.75217139
"ENSG00000146729",30.0963844
"ENSG00000105607",7.034968072
"ENSG00000135414",8.580746435
"ENSG00000046647",17.51238802
"ENSG00000131095",116.1912431
"ENSG00000151892",4.137557927
"ENSG00000152904",13.17143114
"ENSG00000152661",465.763721
"ENSG00000121742",145.2579133
"ENSG00000165113",14.35205054
"ENSG00000170266",20.64491259
"ENSG00000178445",8.242546076
"ENSG00000119392",8.965410874
"ENSG00000090863",30.18110918
"ENSG00000106571",31.2320533
"ENSG00000107249",32.0531526
"ENSG00000124767",33.12886574
"ENSG00000148672",240.4713942
"ENSG00000135821",470.6759626
"ENSG00000146535",11.82090629
"ENSG00000156049",92.44608851
"ENSG00000156052",81.72952385
"ENSG00000172380",14.17605811
"ENSG00000136935",10.4800701
"ENSG00000173230",35.26690903
"ENSG00000173905",34.68183691
"ENSG00000116580",15.22216518
"ENSG00000047932",15.92086664
"ENSG00000114745",9.058006855
"ENSG00000108587",8.134919366
"ENSG00000119927",29.62769467
"ENSG00000076716",7.578678004
"ENSG00000179399",933.9723277
"ENSG00000115159",29.5524335
"ENSG00000150625",551.276389
"ENSG00000077585",30.39836999
"ENSG00000184194",10.31552749
"ENSG00000183150",9.064080569
"ENSG00000181773",2.146438138
"ENSG00000170075",70.35386196
"ENSG00000166123",29.22119183
"ENSG00000023171",12.5907632
"ENSG00000178075",47.09129388
"ENSG00000155324",144.3070684
"ENSG00000075240",5.869426222
"ENSG00000196208",3.774107778
"ENSG00000161509",23.29700754
"ENSG00000198822",130.0515635
"ENSG00000189369",5.075437607
"ENSG00000134202",40.7488738
"ENSG00000110768",9.870133948
"ENSG00000155115",39.93383315
"ENSG00000169919",9.486740066
"ENSG00000056998",3.062121606
"ENSG00000104812",11.79194807
"ENSG00000084754",53.57879768
"ENSG00000138029",53.40416933
"ENSG00000147874",3.587044989
"ENSG00000116478",15.54128835
"ENSG00000094631",7.884191602
"ENSG00000111906",18.73008449
"ENSG00000119431",19.0655552
"ENSG00000126107",4.113830702
"ENSG00000165478",59.36320831
"ENSG00000089472",23.94746578
"ENSG00000122557",29.11624751
"ENSG00000144485",21.93902257
"ENSG00000019991",7.125828843
"ENSG00000197568",13.16879876
"ENSG00000198130",27.4178739
"ENSG00000124440",40.14746142
"ENSG00000130787",26.60211249
"ENSG00000181666",9.161620562
"ENSG00000147421",25.40672172
"ENSG00000189403",65.80481029
"ENSG00000112972",46.06804982
"ENSG00000205581",24.63889635
"ENSG00000171476",30.99381712
"ENSG00000172987",224.40685
"ENSG00000196639",9.038333571
"ENSG00000132541",67.95119579
"ENSG00000267561",45.95917518
"ENSG00000226742",16.40969318
"ENSG00000100209",18.41495076
"ENSG00000149084",35.04002819
"ENSG00000025423",35.54655418
"ENSG00000132196",14.1746549
"ENSG00000119471",41.26550785
"ENSG00000044574",112.7077674
"ENSG00000113013",41.57375186
"ENSG00000152137",27.68988802
"ENSG00000166033",230.4861094
"ENSG00000086758",12.52179049
"ENSG00000115738",242.4938844
"ENSG00000172201",127.0414671
"ENSG00000119912",7.229914842
"ENSG00000138413",34.17368511
"ENSG00000182054",36.18529599
"ENSG00000166411",24.22492215
"ENSG00000067064",77.38302204
"ENSG00000165948",9.526451757
"ENSG00000119632",28.49596649
"ENSG00000119917",28.82383532
"ENSG00000163913",3.86641052
"ENSG00000138002",9.490836628
"ENSG00000100360",8.048315142
"ENSG00000119650",31.83064999
"ENSG00000096872",20.204964
"ENSG00000122970",8.475094672
"ENSG00000032742",18.48963269
"ENSG00000103742",10.91685592
"ENSG00000147255",2.951366686
"ENSG00000144847",37.69150056
"ENSG00000137070",12.38834555
"ENSG00000172458",23.02820726
"ENSG00000056736",66.77161091
"ENSG00000143195",7.58680834
"ENSG00000166333",42.75452871
"ENSG00000105135",5.88161881
"ENSG00000133731",9.30811547
"ENSG00000154059",5.833276974
"ENSG00000178035",11.3243405
"ENSG00000168556",11.61576625
"ENSG00000165458",9.550786096
"ENSG00000104613",28.0811859
"ENSG00000108506",6.09897462
"ENSG00000164066",27.90252479
"ENSG00000132321",75.42246217
"ENSG00000114473",7.324534607
"ENSG00000174628",87.78345385
"ENSG00000135424",33.37656631
"ENSG00000138448",41.9577437
"ENSG00000142856",7.088249724
"ENSG00000135916",153.9870001
"ENSG00000125877",15.24260778
"ENSG00000143772",31.76700014
"ENSG00000205726",27.9410342
"ENSG00000176049",28.47153865
"ENSG00000008083",30.42884878
"ENSG00000050130",27.03075439
"ENSG00000107104",27.21535298
"ENSG00000114166",50.01787577
"ENSG00000156650",10.77628956
"ENSG00000167216",19.74134733
"ENSG00000176595",11.31411415
"ENSG00000177301",35.90192477
"ENSG00000177807",83.82341298
"ENSG00000143603",25.07458056
"ENSG00000153885",13.78565305
"ENSG00000188997",4.216365228
"ENSG00000168301",37.04016499
"ENSG00000004487",14.07475772
"ENSG00000165097",6.802306661
"ENSG00000073614",10.95800083
"ENSG00000117139",15.12516056
"ENSG00000137261",21.7487623
"ENSG00000142687",13.76615713
"ENSG00000196123",12.94823017
"ENSG00000100364",31.39278561
"ENSG00000138688",27.9368849
"ENSG00000164976",13.68468438
"ENSG00000197077",7.597994538
"ENSG00000165185",10.12414752
"ENSG00000183354",22.94453006
"ENSG00000054523",51.74108757
"ENSG00000186638",2.298430658
"ENSG00000165115",7.450030879
"ENSG00000118922",19.94853814
"ENSG00000162755",10.33348159
"ENSG00000162413",6.473915481
"ENSG00000167487",3.601074237
"ENSG00000164344",33.58537312
"ENSG00000196911",12.34494338
"ENSG00000135537",5.94614932
"ENSG00000101680",9.137130756
"ENSG00000132434",17.08268011
"ENSG00000011376",6.761076242
"ENSG00000135338",6.149017625
"ENSG00000168806",2.934158119
"ENSG00000111716",235.0974162
"ENSG00000166816",9.680639901
"ENSG00000168924",6.527338813
"ENSG00000050426",18.45055036
"ENSG00000108231",159.3112464
"ENSG00000153902",53.62125382
"ENSG00000205213",38.12799809
"ENSG00000106689",44.60059145
"ENSG00000113594",62.82357849
"ENSG00000174405",13.95935635
"ENSG00000205659",15.54386802
"ENSG00000074695",12.93770453
"ENSG00000185621",6.53434684
"ENSG00000048540",50.518845
"ENSG00000163431",6.289003904
"ENSG00000205791",10.50886251
"ENSG00000102910",22.92205685
"ENSG00000134324",31.60744973
"ENSG00000121931",8.692763266
"ENSG00000144749",68.36771898
"ENSG00000123384",12.751167
"ENSG00000168702",101.1660682
"ENSG00000109771",7.712958261
"ENSG00000134569",99.66866901
"ENSG00000079691",117.6391021
"ENSG00000148814",2.099630863
"ENSG00000171757",3.872599545
"ENSG00000176809",10.26479464
"ENSG00000185158",9.857655884
"ENSG00000179796",84.88307856
"ENSG00000116212",4.074390188
"ENSG00000163428",10.04936977
"ENSG00000136802",38.29799022
"ENSG00000175928",14.87002644
"ENSG00000184154",4.864168301
"ENSG00000185565",425.3497024
"ENSG00000164167",12.71275883
"ENSG00000049323",15.3492783
"ENSG00000007392",23.06735649
"ENSG00000150551",7.253240152
"ENSG00000187123",6.377172615
"ENSG00000143353",40.5949412
"ENSG00000083099",9.453340383
"ENSG00000127603",91.61731868
"ENSG00000081026",18.89307383
"ENSG00000013619",4.118225708
"ENSG00000189221",25.20892694
"ENSG00000069535",29.93620384
"ENSG00000139625",4.062071692
"ENSG00000197442",72.76432771
"ENSG00000100030",26.63702144
"ENSG00000109339",79.45410808
"ENSG00000075413",35.42734896
"ENSG00000166986",17.3926192
"ENSG00000069020",33.74030983
"ENSG00000088888",13.53656626
"ENSG00000141644",5.62009333
"ENSG00000204406",21.61111077
"ENSG00000214309",3.030107711
"ENSG00000171444",7.771064443
"ENSG00000124370",19.5013687
"ENSG00000065833",47.99591407
"ENSG00000163875",32.69537538
"ENSG00000124641",4.807665353
"ENSG00000063322",13.55345507
"ENSG00000133997",17.80701205
"ENSG00000141026",5.433606809
"ENSG00000145794",26.47418488
"ENSG00000134138",36.55444831
"ENSG00000010165",4.4919163
"ENSG00000169519",17.4975468
"ENSG00000053328",7.835848224
"ENSG00000185432",68.70760445
"ENSG00000037749",7.627952282
"ENSG00000198948",27.72656805
"ENSG00000140545",27.46991578
"ENSG00000182544",7.011599836
"ENSG00000182050",99.8333958
"ENSG00000198408",61.82586458
"ENSG00000008394",91.1973261
"ENSG00000101871",19.45172252
"ENSG00000155545",5.24082685
"ENSG00000141503",11.69307927
"ENSG00000167842",11.15877377
"ENSG00000128585",52.74522629
"ENSG00000100427",44.37962681
"ENSG00000076242",18.89899979
"ENSG00000136297",88.79959312
"ENSG00000129270",26.91224634
"ENSG00000169184",3.112730681
"ENSG00000124615",3.837737529
"ENSG00000080823",9.656706663
"ENSG00000133422",3.070170921
"ENSG00000155363",8.01019782
"ENSG00000079931",16.46941595
"ENSG00000066382",12.70061311
"ENSG00000158186",34.15252271
"ENSG00000134042",30.23359811
"ENSG00000154719",44.44300481
"ENSG00000185608",15.18861791
"ENSG00000131368",12.54015562
"ENSG00000147586",28.47549834
"ENSG00000102738",36.24683199
"ENSG00000090263",24.00930641
"ENSG00000144029",20.87824983
"ENSG00000135097",8.251070195
"ENSG00000153944",39.93457019
"ENSG00000188895",17.25107056
"ENSG00000052802",96.65999852
"ENSG00000148450",19.96213563
"ENSG00000205364",127.9078131
"ENSG00000087250",351.5434483
"ENSG00000109919",31.37784245
"ENSG00000100714",9.367409933
"ENSG00000085760",10.6483596
"ENSG00000122033",48.12897
"ENSG00000171100",19.41626951
"ENSG00000063601",11.82670594
"ENSG00000166912",22.81225492
"ENSG00000100330",15.06170492
"ENSG00000198793",6.520697424
"ENSG00000120662",5.330025388
"ENSG00000132613",39.01430958
"ENSG00000177034",11.23006537
"ENSG00000090432",8.817748888
"ENSG00000146085",19.28990926
"ENSG00000059728",11.20356358
"ENSG00000196091",12.77654945
"ENSG00000172428",65.65095161
"ENSG00000144821",3.810802551
"ENSG00000145555",45.96553611
"ENSG00000196586",89.86339981
"ENSG00000066933",12.01269252
"ENSG00000101605",6.916319738
"ENSG00000150456",18.77341746
"ENSG00000177694",25.62155364
"ENSG00000148411",23.985187
"ENSG00000185818",47.563635
"ENSG00000166833",31.57682533
"ENSG00000122497",14.4137263
"ENSG00000130287",100.7602831
"ENSG00000084676",63.1977261
"ENSG00000140396",19.60376136
"ENSG00000124479",32.15442441
"ENSG00000165795",201.551216
"ENSG00000137806",18.27668616
"ENSG00000119013",67.33647645
"ENSG00000065518",86.26068049
"ENSG00000023228",16.35103076
"ENSG00000213619",34.36610093
"ENSG00000167792",21.03406856
"ENSG00000078114",59.90961488
"ENSG00000137601",55.17453637
"ENSG00000114670",14.73759666
"ENSG00000114904",10.41006191
"ENSG00000119408",19.85036717
"ENSG00000119638",14.84969649
"ENSG00000067141",37.12072655
"ENSG00000196712",17.07463594
"ENSG00000102908",30.17902642
"ENSG00000100968",7.729482114
"ENSG00000162599",100.6068855
"ENSG00000147862",71.99280077
"ENSG00000170322",6.744449068
"ENSG00000188158",11.41422851
"ENSG00000135540",58.1099165
"ENSG00000145029",7.781006847
"ENSG00000158793",9.087307417
"ENSG00000185942",187.0327212
"ENSG00000101198",33.00491449
"ENSG00000189134",7.39637046
"ENSG00000169992",13.33849839
"ENSG00000196338",19.61439196
"ENSG00000146938",20.73878006
"ENSG00000169251",23.85774818
"ENSG00000163864",5.328017872
"ENSG00000136448",16.87558203
"ENSG00000140939",7.846050387
"ENSG00000151322",188.2547922
"ENSG00000168743",2.850487106
"ENSG00000159899",7.535991698
"ENSG00000181019",23.85455039
"ENSG00000126368",13.70048129
"ENSG00000175745",18.8950583
"ENSG00000091129",112.6369558
"ENSG00000185737",346.0890899
"ENSG00000179915",169.3600706
"ENSG00000241058",53.18117204
"ENSG00000076685",34.66998869
"ENSG00000135318",17.74953254
"ENSG00000182667",334.8020402
"ENSG00000148053",191.294244
"ENSG00000140538",45.12804682
"ENSG00000168101",12.19224531
"ENSG00000213965",12.13305076
"ENSG00000170917",12.28254764
"ENSG00000140876",20.65498097
"ENSG00000120253",6.421214382
"ENSG00000188039",9.994103524
"ENSG00000184232",56.13322482
"ENSG00000065154",73.08284904
"ENSG00000124006",7.018197968
"ENSG00000105953",11.3351957
"ENSG00000105088",81.88637805
"ENSG00000079482",56.94151716
"ENSG00000135336",26.21004462
"ENSG00000144909",39.46850888
"ENSG00000130703",14.94214231
"ENSG00000079156",34.64360973
"ENSG00000164823",9.649393709
"ENSG00000100836",24.31080813
"ENSG00000128050",19.52160376
"ENSG00000129116",29.17625548
"ENSG00000149090",89.67282636
"ENSG00000100767",40.19722444
"ENSG00000170915",60.62345566
"ENSG00000116117",33.22135366
"ENSG00000185345",60.57548753
"ENSG00000143799",12.55917451
"ENSG00000041880",12.12442305
"ENSG00000137817",14.58560372
"ENSG00000197702",7.263530058
"ENSG00000007372",18.42795
"ENSG00000185630",15.30667572
"ENSG00000163346",32.50811335
"ENSG00000132570",3.819172167
"ENSG00000180628",24.23671555
"ENSG00000100731",7.728343885
"ENSG00000099139",12.30136642
"ENSG00000170248",26.03788093
"ENSG00000156973",22.35383035
"ENSG00000160191",9.671422784
"ENSG00000145431",19.14364227
"ENSG00000143870",18.09421429
"ENSG00000005882",9.124623177
"ENSG00000154553",6.616208656
"ENSG00000163110",29.77328173
"ENSG00000172840",3.579157921
"ENSG00000140992",5.597538792
"ENSG00000120509",23.83368818
"ENSG00000121440",31.54871028
"ENSG00000162734",86.06969
"ENSG00000139946",13.26749658
"ENSG00000049246",30.53678222
"ENSG00000166821",6.47151255
"ENSG00000164751",14.38879532
"ENSG00000170525",35.02182909
"ENSG00000152556",21.64540936
"ENSG00000067057",34.86556498
"ENSG00000137338",14.7456849
"ENSG00000182405",6.257981475
"ENSG00000079739",25.6163333
"ENSG00000087495",43.34507363
"ENSG00000111752",6.76771261
"ENSG00000056487",19.0814925
"ENSG00000092621",23.97637474
"ENSG00000146247",28.84297831
"ENSG00000067177",20.18800057
"ENSG00000107537",12.87882804
"ENSG00000165195",9.986715675
"ENSG00000069943",5.268492647
"ENSG00000119227",12.47388335
"ENSG00000011405",54.71617728
"ENSG00000100100",17.14908205
"ENSG00000196455",7.558437697
"ENSG00000179761",11.96726523
"ENSG00000087842",24.28090371
"ENSG00000154217",130.7675556
"ENSG00000187091",7.809364541
"ENSG00000115556",4.637185179
"ENSG00000124181",19.18414862
"ENSG00000129219",9.583533923
"ENSG00000143850",13.55067172
"ENSG00000166689",11.02651575
"ENSG00000214456",14.14623703
"ENSG00000152952",24.10730423
"ENSG00000114698",44.03188217
"ENSG00000100979",43.7985272
"ENSG00000164050",29.8612155
"ENSG00000100417",9.774643009
"ENSG00000147588",97.9925964
"ENSG00000132424",139.986166
"ENSG00000127838",18.19526719
"ENSG00000135241",35.62123826
"ENSG00000186866",5.297320353
"ENSG00000143442",37.06696443
"ENSG00000106628",7.169027627
"ENSG00000013503",6.059939307
"ENSG00000058600",4.607074736
"ENSG00000105854",322.7332352
"ENSG00000167272",13.01846811
"ENSG00000143190",20.88880708
"ENSG00000184486",25.99318874
"ENSG00000186951",8.005036346
"ENSG00000109819",13.43370774
"ENSG00000128059",6.557870275
"ENSG00000131626",26.59316452
"ENSG00000240344",16.7628672
"ENSG00000163644",17.9390167
"ENSG00000131771",30.48361703
"ENSG00000119938",102.5851936
"ENSG00000104695",39.9659616
"ENSG00000066027",28.22984727
"ENSG00000011485",4.837545411
"ENSG00000110075",35.70920055
"ENSG00000137509",35.04472962
"ENSG00000142611",16.17045575
"ENSG00000138738",4.171705763
"ENSG00000165672",42.53405436
"ENSG00000117592",120.1538038
"ENSG00000046889",84.2171945
"ENSG00000181929",9.179785265
"ENSG00000154229",62.2039518
"ENSG00000184304",52.91526422
"ENSG00000185532",66.05501268
"ENSG00000136875",5.920087271
"ENSG00000099256",51.37866487
"ENSG00000135069",129.7023268
"ENSG00000146005",110.5916701
"ENSG00000156011",35.67549374
"ENSG00000087191",27.15130415
"ENSG00000173692",31.8831042
"ENSG00000146733",7.93840246
"ENSG00000188647",25.52712936
"ENSG00000185920",6.865254226
"ENSG00000165186",6.050500364
"ENSG00000107317",672.8918771
"ENSG00000134247",5.140012091
"ENSG00000163629",24.81939354
"ENSG00000169410",18.0660975
"ENSG00000132670",51.5400017
"ENSG00000142949",10.7872567
"ENSG00000106278",158.3584252
"ENSG00000184924",11.87222986
"ENSG00000172733",23.68747297
"ENSG00000136045",35.93979006
"ENSG00000100994",22.20174528
"ENSG00000172053",17.29852847
"ENSG00000107560",29.6376262
"ENSG00000124209",10.41854368
"ENSG00000129472",14.19323405
"ENSG00000109113",42.254843
"ENSG00000100228",1.604416918
"ENSG00000168118",26.33738042
"ENSG00000136933",11.28184053
"ENSG00000011454",29.27079648
"ENSG00000144840",9.649337197
"ENSG00000113456",7.087790893
"ENSG00000002016",12.46574506
"ENSG00000197275",3.382430699
"ENSG00000132155",12.55071105
"ENSG00000188559",21.54458072
"ENSG00000160271",13.79793509
"ENSG00000136828",11.19087193
"ENSG00000132329",75.42489055
"ENSG00000164188",156.3806544
"ENSG00000079337",19.88226698
"ENSG00000108551",16.49540798
"ENSG00000100276",15.68276185
"ENSG00000107551",41.6328725
"ENSG00000162437",16.00110535
"ENSG00000122257",29.30993628
"ENSG00000125826",20.87599231
"ENSG00000171174",4.668142412
"ENSG00000269846",17.46341918
"ENSG00000103479",14.32020475
"ENSG00000139746",33.01219055
"ENSG00000106344",11.76069621
"ENSG00000155636",4.810076543
"ENSG00000173914",11.42835776
"ENSG00000004534",56.88505584
"ENSG00000134597",10.82163502
"ENSG00000049449",12.14664209
"ENSG00000072042",22.55164531
"ENSG00000100918",5.958034094
"ENSG00000135597",32.21922471
"ENSG00000134533",36.92971387
"ENSG00000009413",31.5955146
"ENSG00000111445",4.755279238
"ENSG00000087903",8.388667843
"ENSG00000080298",31.03115204
"ENSG00000111783",62.90558676
"ENSG00000143344",40.07417207
"ENSG00000130988",21.67391437
"ENSG00000143333",16.66665012
"ENSG00000147509",85.09234825
"ENSG00000132554",3.125497409
"ENSG00000108370",9.862282175
"ENSG00000144468",11.10413484
"ENSG00000106615",37.05018792
"ENSG00000164292",55.69959683
"ENSG00000126785",62.58775067
"ENSG00000131941",13.11994001
"ENSG00000166405",19.82006692
"ENSG00000166532",29.23345951
"ENSG00000143622",13.68085732
"ENSG00000172602",7.791588805
"ENSG00000137522",4.839623297
"ENSG00000120925",18.37973509
"ENSG00000180537",24.60947911
"ENSG00000138942",8.500667033
"ENSG00000167257",7.287446309
"ENSG00000146373",4.731662879
"ENSG00000152193",15.66435009
"ENSG00000108375",7.912473631
"ENSG00000112130",5.983033575
"ENSG00000185946",83.35398724
"ENSG00000069667",80.55307853
"ENSG00000198963",36.69656964
"ENSG00000152464",21.647387
"ENSG00000085721",11.80187446
"ENSG00000132275",5.984421838
"ENSG00000048649",14.09288677
"ENSG00000159579",8.000578803
"ENSG00000018189",57.83501904
"ENSG00000198838",78.26795459
"ENSG00000189171",100.4815583
"ENSG00000151835",11.0227934
"ENSG00000130254",24.89765707
"ENSG00000165821",11.1024104
"ENSG00000136715",8.436230953
"ENSG00000164105",21.78755115
"ENSG00000111961",65.770088
"ENSG00000141504",90.43265694
"ENSG00000140386",24.01976797
"ENSG00000168077",50.47222061
"ENSG00000104112",158.9835921
"ENSG00000010803",21.18238926
"ENSG00000047634",21.44486219
"ENSG00000133028",8.040808987
"ENSG00000116171",25.59315251
"ENSG00000121064",25.08846959
"ENSG00000164106",63.909391
"ENSG00000144306",13.70887087
"ENSG00000169439",36.07851473
"ENSG00000162512",17.56426557
"ENSG00000124145",88.65454602
"ENSG00000135094",17.69831323
"ENSG00000101310",12.69918984
"ENSG00000075826",7.156832327
"ENSG00000058262",12.13757766
"ENSG00000091490",9.567370031
"ENSG00000075213",5.528352945
"ENSG00000196189",18.08372956
"ENSG00000185033",17.34005067
"ENSG00000079387",5.154146831
"ENSG00000166192",4.036880015
"ENSG00000135919",94.10875435
"ENSG00000149212",26.98501457
"ENSG00000168137",21.69551461
"ENSG00000136169",5.766204126
"ENSG00000164466",13.09188191
"ENSG00000183605",32.09479475
"ENSG00000144040",50.96402989
"ENSG00000170624",41.61549589
"ENSG00000118473",32.38042159
"ENSG00000185437",17.37895977
"ENSG00000087266",8.298490085
"ENSG00000174705",14.49025068
"ENSG00000154447",20.0763114
"ENSG00000138771",15.87221621
"ENSG00000110013",5.091097195
"ENSG00000198053",69.35746329
"ENSG00000142082",6.78582064
"ENSG00000141469",46.60346175
"ENSG00000163406",62.28184933
"ENSG00000165449",28.39537129
"ENSG00000117479",16.94940616
"ENSG00000110436",1152.108134
"ENSG00000079215",802.6851891
"ENSG00000115902",51.90611645
"ENSG00000144136",27.16026759
"ENSG00000108528",18.48692727
"ENSG00000182902",117.295082
"ENSG00000178537",19.04722
"ENSG00000125648",9.919927454
"ENSG00000171612",31.97386092
"ENSG00000144659",14.29956891
"ENSG00000077713",8.554781454
"ENSG00000005022",147.9467777
"ENSG00000181045",5.257628502
"ENSG00000130304",17.61558134
"ENSG00000080189",12.8838663
"ENSG00000196376",80.01433135
"ENSG00000133195",50.11470142
"ENSG00000104635",6.990067288
"ENSG00000029364",12.53796438
"ENSG00000168003",67.9231402
"ENSG00000114544",11.12094359
"ENSG00000129353",29.41891008
"ENSG00000143036",13.3391281
"ENSG00000080493",129.7145854
"ENSG00000132164",20.01500683
"ENSG00000151012",77.5573248
"ENSG00000003989",11.46742558
"ENSG00000197818",7.020724458
"ENSG00000139155",153.9892683
"ENSG00000185985",39.99047005
"ENSG00000170365",10.43074648
"ENSG00000163104",20.98421054
"ENSG00000099956",8.653877628
"ENSG00000082014",16.98384851
"ENSG00000128602",8.013092746
"ENSG00000088826",21.38092579
"ENSG00000143553",27.71054662
"ENSG00000064692",6.681258887
"ENSG00000144028",10.03060091
"ENSG00000104852",44.2720705
"ENSG00000101400",77.38895839
"ENSG00000135317",18.59101231
"ENSG00000124104",9.801612869
"ENSG00000064652",18.39839094
"ENSG00000159140",82.38327172
"ENSG00000095637",94.88719631
"ENSG00000184985",18.62712741
"ENSG00000134532",58.41534873
"ENSG00000110693",14.76970556
"ENSG00000125398",90.22284699
"ENSG00000144451",17.35939062
"ENSG00000008294",52.99673599
"ENSG00000152583",1369.631315
"ENSG00000006282",9.376880417
"ENSG00000132122",28.52335829
"ENSG00000072195",3.079819376
"ENSG00000134278",28.84591776
"ENSG00000121067",22.00991195
"ENSG00000198369",23.04289564
"ENSG00000136158",41.73192962
"ENSG00000072310",12.91152569
"ENSG00000198911",20.37889676
"ENSG00000153914",12.88486987
"ENSG00000196220",16.43089911
"ENSG00000075142",104.6701273
"ENSG00000101955",4.281704729
"ENSG00000167720",6.955907152
"ENSG00000087087",13.36732416
"ENSG00000100650",126.3041853
"ENSG00000123096",22.59577407
"ENSG00000004866",15.19695174
"ENSG00000115145",12.18359832
"ENSG00000170581",24.08599664
"ENSG00000167323",10.2811241
"ENSG00000109689",19.47443816
"ENSG00000130413",19.29095378
"ENSG00000163482",6.30103015
"ENSG00000165283",21.22818851
"ENSG00000140022",79.29160023
"ENSG00000165730",49.99781014
"ENSG00000169689",16.39017265
"ENSG00000082146",14.83455446
"ENSG00000136874",14.65500334
"ENSG00000168818",11.60572209
"ENSG00000111450",12.18313866
"ENSG00000164506",48.59594309
"ENSG00000196502",5.603859111
"ENSG00000129103",16.49644971
"ENSG00000139531",9.676547534
"ENSG00000196235",7.859019523
"ENSG00000152455",3.848172755
"ENSG00000131018",36.91027868
"ENSG00000103528",17.74331266
"ENSG00000102362",8.628096713
"ENSG00000171148",10.05814879
"ENSG00000103168",9.088477889
"ENSG00000148835",3.26285333
"ENSG00000135090",28.26815332
"ENSG00000139192",6.12315984
"ENSG00000104946",6.144469856
"ENSG00000113838",7.601117783
"ENSG00000101849",17.96412656
"ENSG00000148737",73.24901625
"ENSG00000139437",5.03096293
"ENSG00000204852",3.807056948
"ENSG00000119977",17.39878007
"ENSG00000083544",41.18116472
"ENSG00000187079",22.33045215
"ENSG00000167074",7.011551587
"ENSG00000138336",12.84363955
"ENSG00000029639",15.36064352
"ENSG00000198176",9.842212847
"ENSG00000092969",23.73107845
"ENSG00000129028",6.032999153
"ENSG00000176946",8.281575036
"ENSG00000079134",15.51366376
"ENSG00000125676",26.3472259
"ENSG00000126351",9.167479371
"ENSG00000136114",19.74881293
"ENSG00000221944",11.15757319
"ENSG00000092330",11.34832634
"ENSG00000075131",6.299374734
"ENSG00000163931",11.62720325
"ENSG00000198586",40.1761259
"ENSG00000162604",14.95626759
"ENSG00000101337",14.82860991
"ENSG00000135926",17.32068485
"ENSG00000172765",24.35996205
"ENSG00000099203",10.16165965
"ENSG00000100580",8.284934601
"ENSG00000168936",7.336688893
"ENSG00000181234",15.78149162
"ENSG00000166575",19.54081671
"ENSG00000181264",17.59434796
"ENSG00000105677",26.9163406
"ENSG00000249242",15.59987362
"ENSG00000157600",12.44219197
"ENSG00000205269",7.36713475
"ENSG00000198792",30.3668563
"ENSG00000184857",4.816855179
"ENSG00000187824",8.743892119
"ENSG00000163900",4.353614733
"ENSG00000147027",65.46379521
"ENSG00000137103",5.774514956
"ENSG00000116857",16.51809659
"ENSG00000128872",33.82649057
"ENSG00000166682",16.8343469
"ENSG00000154310",119.3029506
"ENSG00000105576",9.928093527
"ENSG00000090905",33.81007586
"ENSG00000100354",23.39680216
"ENSG00000136205",20.39598111
"ENSG00000183864",26.09045598
"ENSG00000175662",35.82929895
"ENSG00000198846",49.56086413
"ENSG00000092203",14.04423634
"ENSG00000141510",9.572672271
"ENSG00000143514",55.43363165
"ENSG00000186815",32.1119348
"ENSG00000111907",76.58750816
"ENSG00000101150",17.62095213
"ENSG00000166340",63.13862633
"ENSG00000047410",13.98898907
"ENSG00000169902",47.78407671
"ENSG00000056972",10.55340368
"ENSG00000182606",24.45013831
"ENSG00000171853",6.902939175
"ENSG00000107614",3.502216397
"ENSG00000071575",23.36023662
"ENSG00000146833",9.730930726
"ENSG00000132481",16.64148119
"ENSG00000167333",5.179082505
"ENSG00000171206",21.8839105
"ENSG00000083067",23.29670743
"ENSG00000104447",52.53336194
"ENSG00000149743",23.82173321
"ENSG00000165699",17.66015613
"ENSG00000103197",7.733485671
"ENSG00000154743",7.645538904
"ENSG00000179981",5.616874284
"ENSG00000140391",30.07599472
"ENSG00000163728",42.55210209
"ENSG00000165914",17.62330632
"ENSG00000135912",16.67233273
"ENSG00000137561",18.29627086
"ENSG00000136295",8.667282633
"ENSG00000137285",140.1829855
"ENSG00000178952",35.08199206
"ENSG00000078246",48.91211898
"ENSG00000100348",30.60064421
"ENSG00000140830",15.49877015
"ENSG00000197763",3.966048962
"ENSG00000163714",34.8857944
"ENSG00000130985",24.30230611
"ENSG00000081307",9.090477848
"ENSG00000130560",14.99069817
"ENSG00000165006",25.20952413
"ENSG00000184787",21.7437144
"ENSG00000186591",28.8926712
"ENSG00000185651",18.37335653
"ENSG00000024048",27.81946749
"ENSG00000127481",12.55423734
"ENSG00000104517",27.2796541
"ENSG00000198276",13.86718076
"ENSG00000169764",44.4373876
"ENSG00000076248",14.80469528
"ENSG00000184076",169.7852243
"ENSG00000106608",6.488617461
"ENSG00000138768",29.95260325
"ENSG00000140455",14.62185018
"ENSG00000115464",25.46273075
"ENSG00000168883",42.60854982
"ENSG00000085982",15.10199407
"ENSG00000109189",7.862013545
"ENSG00000138592",20.35993642
"ENSG00000011260",11.71397874
"ENSG00000162738",4.224700479
"ENSG00000160293",4.872057578
"ENSG00000134215",22.27260599
"ENSG00000112715",14.96693076
"ENSG00000173511",24.66911374
"ENSG00000144560",16.55863091
"ENSG00000151502",6.693288888
"ENSG00000136100",23.46326418
"ENSG00000176834",10.23570318
"ENSG00000132970",56.78349744
"ENSG00000132471",21.60350295
"ENSG00000120688",27.21776406
"ENSG00000163625",22.40410127
"ENSG00000120008",12.20662117
"ENSG00000150627",26.64615926
"ENSG00000148225",2.090532984
"ENSG00000164253",12.48505285
"ENSG00000250232",31.61821331
"ENSG00000114742",15.30392485
"ENSG00000174776",8.435684963
"ENSG00000103091",19.79542218
"ENSG00000178252",23.26257702
"ENSG00000126870",26.64571323
"ENSG00000109501",27.84599833
"ENSG00000171475",14.38307373
"ENSG00000116729",50.32448262
"ENSG00000196632",5.376593618
"ENSG00000165392",19.39713378
"ENSG00000113645",18.99845575
"ENSG00000047644",5.436069498
"ENSG00000186153",120.4374258
"ENSG00000082898",23.45448318
"ENSG00000184575",9.961312067
"ENSG00000137693",22.54235783
"ENSG00000149658",21.22783566
"ENSG00000181722",147.42976
"ENSG00000174282",16.27872797
"ENSG00000177888",9.090572243
"ENSG00000169155",13.5137659
"ENSG00000104427",27.89772893
"ENSG00000119703",2.644342596
"ENSG00000058673",28.77190444
"ENSG00000134744",20.52678527
"ENSG00000206559",8.367996579
"ENSG00000186908",19.62908956
"ENSG00000091656",29.27146076
"ENSG00000198939",10.6009214
"ENSG00000196867",4.824399407
"ENSG00000196670",6.973838011
"ENSG00000184939",7.998367177
"ENSG00000067646",3.576966618
"ENSG00000100711",30.87908727
"ENSG00000178764",37.64437177
"ENSG00000174306",30.17856076
"ENSG00000196652",5.78447585
"ENSG00000166432",59.68466856
"ENSG00000066185",4.912899695
"ENSG00000101040",24.18985084
"ENSG00000131127",5.617971289
"ENSG00000115568",3.305928774
"ENSG00000154957",8.41648511
"ENSG00000186448",7.619086634
"ENSG00000121417",20.34213736
"ENSG00000130856",6.328904773
"ENSG00000256771",8.145542106
"ENSG00000063587",3.93715059
"ENSG00000089335",25.39723313
"ENSG00000182986",2.665505165
"ENSG00000198185",15.93459304
"ENSG00000161642",6.525473627
"ENSG00000176222",39.61130641
"ENSG00000196724",2.864726606
"ENSG00000197013",6.776627069
"ENSG00000256087",4.026829075
"ENSG00000183621",20.70351166
"ENSG00000171291",5.028508641
"ENSG00000197044",10.5468705
"ENSG00000185219",2.492146053
"ENSG00000197714",11.71868499
"ENSG00000148143",11.6489907
"ENSG00000196263",7.321222959
"ENSG00000198464",4.971612767
"ENSG00000127081",10.07128545
"ENSG00000101493",8.685005164
"ENSG00000198795",15.65793607
"ENSG00000189164",3.124215174
"ENSG00000074657",20.28757231
"ENSG00000083828",13.00181217
"ENSG00000166704",3.435931968
"ENSG00000167554",3.059999574
"ENSG00000172888",10.06356155
"ENSG00000221994",3.278846007
"ENSG00000196409",3.168159046
"ENSG00000083814",12.38548825
"ENSG00000173041",22.92593331
"ENSG00000117010",13.20511854
"ENSG00000160352",5.601055415
"ENSG00000182903",15.41364511
"ENSG00000198146",13.9407844
"ENSG00000128000",6.677508088
"ENSG00000197863",6.480433413
"ENSG00000197779",4.677082352
"ENSG00000151612",10.39365348
"ENSG00000167766",18.92422342
"ENSG00000022976",4.854261916
"ENSG00000106479",5.669640701
"ENSG00000183579",53.30893775
"ENSG00000166529",4.469017317
"ENSG00000168612",2.935539401
"ENSG00000214941",22.35911087
"ENSG00000070476",25.75673679
