"ensembl_id","Microglia"
"ENSG00000175899",309.9597376
"ENSG00000103591",11.58031406
"ENSG00000127837",14.31914082
"ENSG00000131269",21.89656509
"ENSG00000103222",4.435883097
"ENSG00000125257",46.7894435
"ENSG00000144827",13.86150615
"ENSG00000100997",30.2472885
"ENSG00000131969",3.059591263
"ENSG00000139826",7.112890401
"ENSG00000158201",29.43152089
"ENSG00000136754",79.01670485
"ENSG00000143322",22.91038658
"ENSG00000159842",35.90336467
"ENSG00000120437",14.01112953
"ENSG00000182827",13.47343989
"ENSG00000100813",11.29546482
"ENSG00000123130",12.62620938
"ENSG00000151726",41.91742837
"ENSG00000068366",26.61107428
"ENSG00000075624",586.2283249
"ENSG00000138071",80.28585418
"ENSG00000115091",25.97170135
"ENSG00000101442",6.587291855
"ENSG00000113812",7.670053316
"ENSG00000137845",32.43642427
"ENSG00000151694",35.30751287
"ENSG00000042980",153.9537741
"ENSG00000168615",26.67954185
"ENSG00000184060",93.62014272
"ENSG00000121281",27.90960715
"ENSG00000159346",19.18472923
"ENSG00000156110",69.1310807
"ENSG00000101126",22.87417889
"ENSG00000159322",18.08134101
"ENSG00000116863",35.49894182
"ENSG00000141385",7.082448099
"ENSG00000119844",29.91499043
"ENSG00000204149",14.67248076
"ENSG00000160216",5.678048713
"ENSG00000173209",26.22967129
"ENSG00000186063",11.22402094
"ENSG00000164022",20.40231661
"ENSG00000004455",15.42305228
"ENSG00000121057",8.269870793
"ENSG00000108599",20.62070263
"ENSG00000170776",33.53573189
"ENSG00000166452",10.84888286
"ENSG00000135334",24.67107298
"ENSG00000117448",37.7343743
"ENSG00000085662",36.73478322
"ENSG00000059573",6.20207586
"ENSG00000184254",2.985554876
"ENSG00000253710",7.178533007
"ENSG00000101901",20.03800444
"ENSG00000119523",8.710895568
"ENSG00000120697",19.89244449
"ENSG00000088035",6.582406671
"ENSG00000159063",25.69705477
"ENSG00000100601",8.174146674
"ENSG00000136383",6.336202965
"ENSG00000133805",9.666299255
"ENSG00000153107",3.934325242
"ENSG00000166295",29.16693954
"ENSG00000174606",10.99543778
"ENSG00000176915",6.352666635
"ENSG00000164331",25.10437819
"ENSG00000088448",76.81367328
"ENSG00000167522",13.94962742
"ENSG00000132466",32.29019679
"ENSG00000065413",88.68357435
"ENSG00000168876",11.77501107
"ENSG00000139645",3.476024617
"ENSG00000106013",9.188599132
"ENSG00000140350",16.5879087
"ENSG00000196975",12.58972859
"ENSG00000164111",103.7506529
"ENSG00000136250",113.9501286
"ENSG00000100280",34.85716545
"ENSG00000166747",18.4984763
"ENSG00000132842",23.62017878
"ENSG00000120868",16.88399362
"ENSG00000077420",231.6351012
"ENSG00000138613",9.64339479
"ENSG00000166181",20.51534748
"ENSG00000157500",20.53817853
"ENSG00000136044",63.67182541
"ENSG00000242247",26.2245958
"ENSG00000164144",17.98953795
"ENSG00000132254",3.826015878
"ENSG00000165322",58.59682083
"ENSG00000075884",54.63494491
"ENSG00000140750",11.32163631
"ENSG00000146376",14.69156299
"ENSG00000138639",127.737338
"ENSG00000163219",48.66184217
"ENSG00000145819",43.26876108
"ENSG00000160007",14.50784345
"ENSG00000047648",15.24082652
"ENSG00000165801",8.388962086
"ENSG00000129675",38.8532583
"ENSG00000179361",5.250465876
"ENSG00000196843",9.414339682
"ENSG00000150347",42.78315257
"ENSG00000166233",22.53034395
"ENSG00000214087",19.35000333
"ENSG00000162980",46.03555677
"ENSG00000182196",22.92132288
"ENSG00000130429",22.51266324
"ENSG00000163466",93.13563766
"ENSG00000111229",60.41805421
"ENSG00000141480",42.02918139
"ENSG00000113369",135.7500374
"ENSG00000113273",10.53547762
"ENSG00000006756",4.766923637
"ENSG00000104763",51.75378668
"ENSG00000065802",3.634225749
"ENSG00000112249",16.0916182
"ENSG00000116539",27.79237856
"ENSG00000129691",9.082326451
"ENSG00000143970",9.054340317
"ENSG00000123268",13.20877981
"ENSG00000128272",83.82294801
"ENSG00000118217",35.49208862
"ENSG00000171681",19.77376921
"ENSG00000166669",15.42949506
"ENSG00000152348",11.64594451
"ENSG00000197548",19.1382025
"ENSG00000149311",28.25297678
"ENSG00000058063",10.71144611
"ENSG00000101974",18.35414574
"ENSG00000133657",24.60653004
"ENSG00000017260",46.53079289
"ENSG00000185344",4.126182376
"ENSG00000159720",11.87807549
"ENSG00000113732",104.9683674
"ENSG00000147416",90.04264402
"ENSG00000165240",12.7710982
"ENSG00000104043",40.44661763
"ENSG00000171953",6.520634046
"ENSG00000175054",13.04936068
"ENSG00000088812",13.70385372
"ENSG00000066427",14.01203793
"ENSG00000163635",12.90410585
"ENSG00000146776",9.63170486
"ENSG00000148090",26.89099512
"ENSG00000115307",66.95263756
"ENSG00000176597",121.9771029
"ENSG00000086062",49.65459157
"ENSG00000121578",8.886495171
"ENSG00000156273",50.86744303
"ENSG00000107262",5.95029565
"ENSG00000166170",20.62750526
"ENSG00000163930",10.07747823
"ENSG00000198604",24.47574151
"ENSG00000181004",3.834106605
"ENSG00000137936",20.89065817
"ENSG00000116752",88.17762724
"ENSG00000060982",16.21001026
"ENSG00000107949",29.49104368
"ENSG00000142867",14.10952367
"ENSG00000153094",4.007316902
"ENSG00000099968",9.328289214
"ENSG00000029363",36.66116447
"ENSG00000197580",20.88460542
"ENSG00000183337",13.30878703
"ENSG00000074582",7.92591982
"ENSG00000105829",10.79973278
"ENSG00000103429",7.452076555
"ENSG00000123095",156.7128444
"ENSG00000015475",16.95646731
"ENSG00000110934",45.36348476
"ENSG00000110330",25.56507559
"ENSG00000090013",21.65838725
"ENSG00000138756",57.03293725
"ENSG00000165733",12.60551172
"ENSG00000173068",15.68999666
"ENSG00000140299",19.1525738
"ENSG00000137274",3.904367286
"ENSG00000089234",32.13012355
"ENSG00000100425",5.435679366
"ENSG00000169925",6.968116551
"ENSG00000158019",47.04987965
"ENSG00000162819",23.65257998
"ENSG00000165288",6.813676992
"ENSG00000160058",12.96443952
"ENSG00000095564",28.81976559
"ENSG00000064726",18.30773347
"ENSG00000011114",16.60877149
"ENSG00000183826",18.10930486
"ENSG00000145741",51.09508555
"ENSG00000133639",67.64817942
"ENSG00000154640",21.36237483
"ENSG00000112763",10.56553328
"ENSG00000082153",15.40009504
"ENSG00000148655",181.1649907
"ENSG00000107738",45.80601228
"ENSG00000120029",22.24651174
"ENSG00000119965",7.766372714
"ENSG00000175573",10.92192405
"ENSG00000151131",17.82294284
"ENSG00000204954",10.12565624
"ENSG00000235162",34.58916154
"ENSG00000130731",24.41618767
"ENSG00000125149",10.90943832
"ENSG00000182831",16.98681977
"ENSG00000155330",6.481571469
"ENSG00000141428",12.75222734
"ENSG00000141452",25.93193484
"ENSG00000000460",9.89696286
"ENSG00000143110",28.35557902
"ENSG00000198912",7.100125872
"ENSG00000157181",35.52487093
"ENSG00000143443",22.59768256
"ENSG00000184208",3.713156058
"ENSG00000125730",219.1899258
"ENSG00000181744",36.81177665
"ENSG00000188315",9.672545246
"ENSG00000151470",7.092010807
"ENSG00000197405",40.81771689
"ENSG00000113583",48.22342376
"ENSG00000185127",7.03436133
"ENSG00000221821",45.34045833
"ENSG00000112308",194.5343326
"ENSG00000122783",8.104464231
"ENSG00000164603",11.39838819
"ENSG00000182307",11.9359083
"ENSG00000176731",17.84256019
"ENSG00000148362",60.59587323
"ENSG00000165118",3.69265399
"ENSG00000147894",29.47197984
"ENSG00000157693",6.461630199
"ENSG00000169239",5.209508752
"ENSG00000135932",32.78974078
"ENSG00000149679",3.523714915
"ENSG00000183049",32.04429115
"ENSG00000131236",80.43610898
"ENSG00000116489",130.7407839
"ENSG00000198898",39.96369335
"ENSG00000077549",103.6925904
"ENSG00000105483",13.23870311
"ENSG00000118307",8.25355885
"ENSG00000138794",12.13523445
"ENSG00000064012",5.539731208
"ENSG00000166762",9.063110106
"ENSG00000067955",45.56376208
"ENSG00000110395",17.27334449
"ENSG00000172785",9.698719057
"ENSG00000136682",12.11589649
"ENSG00000100307",6.407108898
"ENSG00000060339",27.27306351
"ENSG00000005059",4.519338383
"ENSG00000164221",16.93245927
"ENSG00000160799",12.95333726
"ENSG00000135205",15.22933742
"ENSG00000153237",12.37208177
"ENSG00000123106",28.70827763
"ENSG00000142039",6.768328277
"ENSG00000100814",25.1689173
"ENSG00000166946",14.15820255
"ENSG00000113328",22.28535591
"ENSG00000134480",47.60194973
"ENSG00000090061",10.01150576
"ENSG00000082258",15.46133136
"ENSG00000166226",35.93433351
"ENSG00000150753",16.937609
"ENSG00000146574",6.577381719
"ENSG00000135535",24.13374039
"ENSG00000103855",13.70077003
"ENSG00000143119",304.9245532
"ENSG00000196352",27.8334278
"ENSG00000135404",126.2793387
"ENSG00000019582",783.6756597
"ENSG00000112149",341.8561676
"ENSG00000102543",7.067314705
"ENSG00000151465",41.78057133
"ENSG00000004897",23.59781327
"ENSG00000163171",9.427319221
"ENSG00000197622",34.52170169
"ENSG00000134371",26.57186119
"ENSG00000163814",4.578386957
"ENSG00000148600",2.389077959
"ENSG00000167258",6.989860039
"ENSG00000065883",17.25806703
"ENSG00000091527",59.13350607
"ENSG00000153046",19.50278395
"ENSG00000172216",43.22838201
"ENSG00000153879",16.03361291
"ENSG00000115816",20.46857194
"ENSG00000093072",28.68588585
"ENSG00000069998",5.537664525
"ENSG00000149187",27.07065
"ENSG00000177946",10.98426999
"ENSG00000100629",6.75520296
"ENSG00000174799",4.353987552
"ENSG00000143702",42.07339959
"ENSG00000182923",11.53215176
"ENSG00000011523",9.239173745
"ENSG00000148019",3.010408651
"ENSG00000100422",13.02447197
"ENSG00000159259",2.173896438
"ENSG00000106554",51.13870983
"ENSG00000170791",25.64221297
"ENSG00000153922",50.02289192
"ENSG00000173575",34.07684192
"ENSG00000171316",19.77418665
"ENSG00000147457",4.672491733
"ENSG00000104472",12.14414656
"ENSG00000171310",73.67103986
"ENSG00000182022",12.69685214
"ENSG00000131873",63.48595962
"ENSG00000263203",9.114242757
"ENSG00000164442",16.35694011
"ENSG00000136108",9.187171615
"ENSG00000171365",10.97796534
"ENSG00000069493",14.46404677
"ENSG00000113282",16.91059868
"ENSG00000182372",8.337877418
"ENSG00000162129",8.631102234
"ENSG00000153815",23.17440406
"ENSG00000091317",73.59950837
"ENSG00000133313",16.66682037
"ENSG00000205423",9.636107034
"ENSG00000125107",25.19883023
"ENSG00000182973",13.14505656
"ENSG00000113300",13.60017395
"ENSG00000137161",53.48327494
"ENSG00000119397",16.33651763
"ENSG00000136152",11.18565621
"ENSG00000164597",20.43726466
"ENSG00000121058",11.20471291
"ENSG00000113163",14.15674859
"ENSG00000145781",70.10923278
"ENSG00000140365",7.170426645
"ENSG00000188243",22.25861819
"ENSG00000129083",26.49900757
"ENSG00000184432",19.95341342
"ENSG00000173085",4.511925292
"ENSG00000102879",21.20608242
"ENSG00000103187",20.84742437
"ENSG00000006695",9.066630162
"ENSG00000111605",17.60608857
"ENSG00000106066",43.28557471
"ENSG00000118260",16.77148074
"ENSG00000107175",35.50088211
"ENSG00000182158",15.43960039
"ENSG00000111269",27.07690124
"ENSG00000143162",70.06089256
"ENSG00000095794",39.28005007
"ENSG00000179979",4.666835374
"ENSG00000167193",14.37129791
"ENSG00000176390",28.1386588
"ENSG00000101343",11.31572413
"ENSG00000005469",5.409589861
"ENSG00000160741",12.09365655
"ENSG00000182578",157.7004874
"ENSG00000113712",43.71800625
"ENSG00000141551",10.06206288
"ENSG00000169118",5.180106782
"ENSG00000070770",9.087986603
"ENSG00000101138",6.828052284
"ENSG00000150527",11.08614872
"ENSG00000159692",10.40605978
"ENSG00000175029",21.70650522
"ENSG00000102974",20.17195163
"ENSG00000137770",9.094171463
"ENSG00000178585",13.90089362
"ENSG00000198561",20.44012913
"ENSG00000040531",9.811428502
"ENSG00000164733",130.3262867
"ENSG00000109861",34.29090883
"ENSG00000163131",52.98383524
"ENSG00000101160",24.50910981
"ENSG00000143079",48.76675505
"ENSG00000055130",33.66529479
"ENSG00000108094",13.31307951
"ENSG00000036257",16.22122771
"ENSG00000166266",26.04830021
"ENSG00000108296",11.73225556
"ENSG00000095485",7.661250637
"ENSG00000152404",36.76941684
"ENSG00000197620",3.617315302
"ENSG00000197021",12.55896485
"ENSG00000159348",14.11451937
"ENSG00000065615",7.609767817
"ENSG00000068793",72.37805177
"ENSG00000106258",1.867966728
"ENSG00000164535",32.26349589
"ENSG00000112977",9.799086455
"ENSG00000132676",23.93811983
"ENSG00000117593",8.637315219
"ENSG00000071626",5.282083258
"ENSG00000155368",145.3665002
"ENSG00000136279",3.848800178
"ENSG00000122741",11.98799279
"ENSG00000164934",10.30778428
"ENSG00000119599",2.734740604
"ENSG00000156136",9.598483791
"ENSG00000152457",21.18696964
"ENSG00000151065",8.853146671
"ENSG00000172795",15.027151
"ENSG00000129187",22.39827348
"ENSG00000132912",18.2994728
"ENSG00000166847",8.747808025
"ENSG00000134574",19.82569364
"ENSG00000064703",5.453490239
"ENSG00000165732",23.43472673
"ENSG00000124228",9.330666589
"ENSG00000123136",19.98750918
"ENSG00000215301",80.94589224
"ENSG00000183258",6.659202254
"ENSG00000198231",14.05959855
"ENSG00000145833",17.7843949
"ENSG00000107625",25.83865677
"ENSG00000185163",4.259443107
"ENSG00000141141",5.812645888
"ENSG00000136271",8.782461899
"ENSG00000118197",8.212503947
"ENSG00000160570",7.674804307
"ENSG00000023892",16.42692875
"ENSG00000213047",6.881019375
"ENSG00000105339",13.56964217
"ENSG00000174485",27.5806476
"ENSG00000198837",8.453943613
"ENSG00000139726",17.639189
"ENSG00000100150",4.875357938
"ENSG00000072849",9.22784832
"ENSG00000105928",5.343365077
"ENSG00000065357",8.266284865
"ENSG00000162496",26.54612773
"ENSG00000187630",6.582069723
"ENSG00000100612",52.69396711
"ENSG00000005100",6.820524617
"ENSG00000134815",5.791700362
"ENSG00000101452",7.082337371
"ENSG00000067596",4.810573111
"ENSG00000135829",29.99653683
"ENSG00000147202",62.6092282
"ENSG00000117597",2.983405842
"ENSG00000160305",22.23046924
"ENSG00000162946",19.53750956
"ENSG00000130826",18.46661936
"ENSG00000176124",9.161198066
"ENSG00000186047",18.15540417
"ENSG00000119689",7.286286575
"ENSG00000165506",7.833930766
"ENSG00000090520",21.53703794
"ENSG00000105993",22.99912109
"ENSG00000077232",20.85247433
"ENSG00000007923",7.490832299
"ENSG00000138246",17.53402654
"ENSG00000116138",12.19662338
"ENSG00000105821",14.056547
"ENSG00000170946",5.797940767
"ENSG00000101152",15.52334913
"ENSG00000213551",14.33180565
"ENSG00000119661",4.241371446
"ENSG00000105612",7.930611009
"ENSG00000130816",6.058404882
"ENSG00000119772",13.72339834
"ENSG00000101457",16.14764045
"ENSG00000147251",26.42147135
"ENSG00000134516",31.32394922
"ENSG00000128512",168.4899715
"ENSG00000107099",67.33281497
"ENSG00000146094",6.314614646
"ENSG00000172269",9.22459785
"ENSG00000132768",8.131455033
"ENSG00000000419",55.91058418
"ENSG00000197635",6.111806154
"ENSG00000117505",9.692934538
"ENSG00000156171",32.83525661
"ENSG00000185721",27.68204456
"ENSG00000134755",3.195713642
"ENSG00000149636",6.937660092
"ENSG00000138101",24.1485458
"ENSG00000047579",17.17798346
"ENSG00000144048",9.185343608
"ENSG00000161326",13.8549763
"ENSG00000158050",5.255476027
"ENSG00000112679",8.699551556
"ENSG00000188542",4.857670093
"ENSG00000108861",12.30136402
"ENSG00000120875",3.353089151
"ENSG00000139318",97.92146626
"ENSG00000157540",17.91109866
"ENSG00000127334",8.710448306
"ENSG00000112242",17.84227404
"ENSG00000122882",17.76314053
"ENSG00000179151",9.710010272
"ENSG00000134109",26.50582047
"ENSG00000102189",16.4097559
"ENSG00000074266",10.38492232
"ENSG00000122547",17.42634875
"ENSG00000108883",7.517869075
"ENSG00000122877",114.9342085
"ENSG00000179388",28.67541878
"ENSG00000086232",12.77032817
"ENSG00000172071",14.18759546
"ENSG00000128829",6.716776693
"ENSG00000070785",28.65889782
"ENSG00000125977",24.56389466
"ENSG00000130741",46.03883826
"ENSG00000107581",27.37528616
"ENSG00000104408",25.33362601
"ENSG00000175390",8.047174678
"ENSG00000130811",13.27409284
"ENSG00000100129",38.04470422
"ENSG00000149100",27.92716808
"ENSG00000141543",38.15615712
"ENSG00000151247",29.00926558
"ENSG00000075151",57.62847601
"ENSG00000100664",55.19487037
"ENSG00000120690",89.65618236
"ENSG00000126767",2.554061303
"ENSG00000111145",19.70843832
"ENSG00000118985",81.44255744
"ENSG00000155849",75.99696274
"ENSG00000130165",8.717324565
"ENSG00000134014",9.999029547
"ENSG00000170571",30.70566468
"ENSG00000143924",42.61178888
"ENSG00000197594",12.42752405
"ENSG00000138185",29.26365789
"ENSG00000197217",15.54406606
"ENSG00000187097",2.477545843
"ENSG00000100393",19.32455214
"ENSG00000079819",126.4242146
"ENSG00000082397",24.56093095
"ENSG00000135999",12.88666122
"ENSG00000152223",5.168586032
"ENSG00000164307",9.020474738
"ENSG00000087502",22.28271417
"ENSG00000104714",8.929169681
"ENSG00000107566",5.305552611
"ENSG00000164010",18.04337703
"ENSG00000089248",18.46403172
"ENSG00000141446",35.10060775
"ENSG00000089048",28.98243797
"ENSG00000143971",9.199225031
"ENSG00000120705",57.61035144
"ENSG00000139163",37.11929312
"ENSG00000157557",59.70281562
"ENSG00000117036",8.603332018
"ENSG00000244405",33.39273165
"ENSG00000139083",43.36446302
"ENSG00000196405",29.90839652
"ENSG00000180104",5.869333318
"ENSG00000131558",28.20610647
"ENSG00000171311",9.148978978
"ENSG00000130713",7.070242252
"ENSG00000123737",9.026852271
"ENSG00000151348",10.98883647
"ENSG00000012232",3.377227517
"ENSG00000197932",6.888502315
"ENSG00000170231",4.788703236
"ENSG00000180185",7.335596497
"ENSG00000162636",17.51416507
"ENSG00000145569",60.19183781
"ENSG00000197712",16.78346538
"ENSG00000100376",32.32996963
"ENSG00000048828",23.54304743
"ENSG00000156504",13.06553547
"ENSG00000135842",5.348908249
"ENSG00000234545",17.34024526
"ENSG00000082269",29.46126956
"ENSG00000035141",8.436703289
"ENSG00000138640",12.73538562
"ENSG00000109794",30.67384391
"ENSG00000113391",50.43367407
"ENSG00000163322",8.947336344
"ENSG00000222011",17.93909832
"ENSG00000125386",14.16740952
"ENSG00000146067",13.83486826
"ENSG00000164125",17.85739358
"ENSG00000221909",12.86450823
"ENSG00000108021",23.55951304
"ENSG00000197852",4.075136194
"ENSG00000157870",3.198965211
"ENSG00000112773",31.73030677
"ENSG00000153310",51.54166796
"ENSG00000120709",13.45289183
"ENSG00000167695",3.453427944
"ENSG00000137414",14.77260798
"ENSG00000176853",13.6212607
"ENSG00000166797",47.7484833
"ENSG00000187790",4.68543671
"ENSG00000064763",25.16020315
"ENSG00000145982",47.11746451
"ENSG00000127452",11.81935214
"ENSG00000138081",41.43580668
"ENSG00000134452",7.180619744
"ENSG00000143756",10.03580474
"ENSG00000118496",7.418546281
"ENSG00000145868",11.27332481
"ENSG00000037637",11.1209435
"ENSG00000072803",24.32669003
"ENSG00000119402",5.069055129
"ENSG00000107829",10.40113121
"ENSG00000174989",7.430736046
"ENSG00000119616",7.820880689
"ENSG00000137478",92.37505133
"ENSG00000137714",12.98966426
"ENSG00000151422",23.90346338
"ENSG00000149781",6.29714638
"ENSG00000139132",54.08563934
"ENSG00000174721",2.43515189
"ENSG00000135723",5.965062955
"ENSG00000168386",15.17516742
"ENSG00000119321",12.80015815
"ENSG00000096060",46.02675758
"ENSG00000132589",12.66233146
"ENSG00000162769",17.24613161
"ENSG00000248905",12.57527764
"ENSG00000161791",30.82503818
"ENSG00000141560",8.86751332
"ENSG00000109920",40.75897934
"ENSG00000102531",23.39185249
"ENSG00000052795",21.98136636
"ENSG00000065970",6.493771395
"ENSG00000198815",22.61809895
"ENSG00000053254",35.11408065
"ENSG00000118689",27.25974312
"ENSG00000128573",16.43143967
"ENSG00000181274",5.212220728
"ENSG00000151474",173.4591716
"ENSG00000087086",2090.9728
"ENSG00000068438",7.926425264
"ENSG00000122687",13.43197731
"ENSG00000162613",23.43778673
"ENSG00000179163",16.01440746
"ENSG00000001036",8.660572773
"ENSG00000069509",27.18124186
"ENSG00000089280",28.84168117
"ENSG00000129245",6.626842613
"ENSG00000082074",125.8366266
"ENSG00000122068",15.24243267
"ENSG00000092140",8.315938918
"ENSG00000033327",47.23761206
"ENSG00000170296",81.93238363
"ENSG00000104064",12.521119
"ENSG00000178950",7.374447613
"ENSG00000141429",20.75001393
"ENSG00000164574",10.86361315
"ENSG00000143641",16.64444193
"ENSG00000165219",11.31803433
"ENSG00000106105",23.10778565
"ENSG00000139354",1.680334718
"ENSG00000114480",16.38693792
"ENSG00000107862",13.77963558
"ENSG00000135968",23.90968035
"ENSG00000131979",17.70426949
"ENSG00000111846",11.82895949
"ENSG00000124091",9.047277768
"ENSG00000196505",8.748587942
"ENSG00000152147",4.487560452
"ENSG00000100083",7.038513829
"ENSG00000103365",18.06369134
"ENSG00000108262",7.786381141
"ENSG00000139436",13.11478763
"ENSG00000198814",10.6836503
"ENSG00000138604",14.19154748
"ENSG00000139278",57.74892118
"ENSG00000173221",29.38271185
"ENSG00000140632",12.23148477
"ENSG00000196743",23.62495591
"ENSG00000162419",5.90634173
"ENSG00000130755",40.70662592
"ENSG00000144591",6.112751984
"ENSG00000137198",8.541543773
"ENSG00000120063",62.90801613
"ENSG00000060558",7.296101018
"ENSG00000065135",41.76187774
"ENSG00000114450",67.21910375
"ENSG00000176533",38.52118667
"ENSG00000134697",20.29031527
"ENSG00000130119",17.55631818
"ENSG00000113552",9.959321949
"ENSG00000135677",17.58121768
"ENSG00000167110",6.365763515
"ENSG00000090615",8.439525569
"ENSG00000144674",38.16418414
"ENSG00000066455",23.97579292
"ENSG00000113384",27.22796953
"ENSG00000143457",17.01893665
"ENSG00000120370",4.434829168
"ENSG00000076650",5.149436581
"ENSG00000159592",14.92774327
"ENSG00000111231",22.21398733
"ENSG00000173890",11.236634
"ENSG00000152749",6.500388579
"ENSG00000171659",294.2994254
"ENSG00000185477",11.9021435
"ENSG00000132522",26.20771709
"ENSG00000233276",149.7773579
"ENSG00000177885",45.82962204
"ENSG00000152208",86.50474493
"ENSG00000030582",35.35986034
"ENSG00000109519",11.36325977
"ENSG00000103342",15.05868806
"ENSG00000104687",7.692087011
"ENSG00000138780",5.053729493
"ENSG00000168765",18.30969553
"ENSG00000137947",32.25285833
"ENSG00000197265",12.48584524
"ENSG00000115207",14.18244433
"ENSG00000172432",4.779508076
"ENSG00000107937",16.09244783
"ENSG00000163607",6.545842078
"ENSG00000113648",17.33762266
"ENSG00000138796",13.59555933
"ENSG00000112855",10.54862863
"ENSG00000152240",10.36021984
"ENSG00000131351",4.383613485
"ENSG00000135077",139.1188623
"ENSG00000004961",14.8663573
"ENSG00000101336",59.83693457
"ENSG00000196591",6.70276894
"ENSG00000171720",10.35545645
"ENSG00000147099",24.80601051
"ENSG00000048052",27.40468151
"ENSG00000119285",6.616993501
"ENSG00000155393",8.335675768
"ENSG00000129493",10.02073021
"ENSG00000008869",15.8932736
"ENSG00000068097",8.502650822
"ENSG00000112406",28.74281091
"ENSG00000165338",16.04969458
"ENSG00000127311",6.755158038
"ENSG00000198265",17.09376763
"ENSG00000162639",31.64281845
"ENSG00000138641",18.54369285
"ENSG00000049860",23.65729033
"ENSG00000165102",12.29832567
"ENSG00000100644",130.8055048
"ENSG00000149929",3.529366442
"ENSG00000180573",26.24607635
"ENSG00000158373",25.67453799
"ENSG00000127124",19.63321279
"ENSG00000101294",14.62135174
"ENSG00000137309",8.591469176
"ENSG00000164104",24.92662701
"ENSG00000150540",20.41200628
"ENSG00000139675",11.59236948
"ENSG00000170144",49.41249108
"ENSG00000197451",19.47975003
"ENSG00000138668",36.9000454
"ENSG00000169045",65.71357094
"ENSG00000104824",9.825102695
"ENSG00000099783",23.91550497
"ENSG00000153187",48.42038304
"ENSG00000215271",2.968150684
"ENSG00000168172",12.05922135
"ENSG00000163755",15.46984921
"ENSG00000100099",7.55622044
"ENSG00000110756",6.646346213
"ENSG00000182601",128.2155283
"ENSG00000136720",7.652082385
"ENSG00000198189",22.47915856
"ENSG00000166598",108.0871609
"ENSG00000081870",15.98690237
"ENSG00000169087",13.65460521
"ENSG00000144381",65.15524745
"ENSG00000197386",6.095657434
"ENSG00000136273",10.84782849
"ENSG00000196305",22.06050794
"ENSG00000101365",42.03378225
"ENSG00000162783",23.35782368
"ENSG00000010295",10.36969354
"ENSG00000163565",98.31461879
"ENSG00000027697",288.2647424
"ENSG00000101052",11.83898656
"ENSG00000152580",11.61615597
"ENSG00000117154",29.1916805
"ENSG00000166130",10.94206934
"ENSG00000104365",13.95255304
"ENSG00000243646",20.37257183
"ENSG00000172349",7.435976445
"ENSG00000177663",13.94732124
"ENSG00000150782",97.24063843
"ENSG00000196083",31.18343884
"ENSG00000160712",29.20054927
"ENSG00000134352",129.8843196
"ENSG00000129351",13.60779061
"ENSG00000177971",18.73608577
"ENSG00000136718",6.837845695
"ENSG00000128908",8.560644333
"ENSG00000114933",23.88609504
"ENSG00000204084",7.78208053
"ENSG00000168918",71.56496171
"ENSG00000149262",8.075253899
"ENSG00000104299",9.338126226
"ENSG00000074706",39.82050386
"ENSG00000151151",8.49696067
"ENSG00000086200",6.510239874
"ENSG00000198700",9.204609093
"ENSG00000173226",32.78735471
"ENSG00000184216",10.02010548
"ENSG00000134070",41.98470946
"ENSG00000090376",25.23099528
"ENSG00000198001",9.937961156
"ENSG00000136381",11.92010471
"ENSG00000168310",26.08959263
"ENSG00000126456",9.951549626
"ENSG00000185950",20.21149932
"ENSG00000143319",9.569482922
"ENSG00000182149",40.33015604
"ENSG00000111203",8.795226144
"ENSG00000161638",7.036539958
"ENSG00000144668",13.06916626
"ENSG00000082781",19.25049526
"ENSG00000136156",499.0571663
"ENSG00000123104",141.1140677
"ENSG00000198399",25.78943323
"ENSG00000128928",19.04056327
"ENSG00000171135",12.74150324
"ENSG00000096968",22.01197805
"ENSG00000153814",87.21585036
"ENSG00000140044",9.096166778
"ENSG00000171988",80.35960026
"ENSG00000070495",15.64874901
"ENSG00000100221",10.53536649
"ENSG00000183340",4.507767765
"ENSG00000114982",9.76480321
"ENSG00000083168",16.16081156
"ENSG00000136504",11.69710771
"ENSG00000187715",19.05923149
"ENSG00000163376",28.23883361
"ENSG00000115041",3.310550688
"ENSG00000184156",69.66536145
"ENSG00000178695",101.3836058
"ENSG00000243335",9.396550262
"ENSG00000173120",17.46721382
"ENSG00000089094",8.711259055
"ENSG00000120733",19.44844279
"ENSG00000107077",9.095655294
"ENSG00000012817",10.0365567
"ENSG00000132510",4.843434353
"ENSG00000131773",43.50114128
"ENSG00000007202",6.682771389
"ENSG00000081791",13.37191855
"ENSG00000102445",33.02331069
"ENSG00000170871",22.12317201
"ENSG00000121210",9.906964515
"ENSG00000136051",40.53094208
"ENSG00000134444",20.21559272
"ENSG00000163507",10.77389328
"ENSG00000089177",15.58507438
"ENSG00000138182",10.82697439
"ENSG00000116852",4.868289289
"ENSG00000170759",47.5909244
"ENSG00000151657",6.327493096
"ENSG00000109787",21.42902001
"ENSG00000114648",8.175296174
"ENSG00000146021",7.26441575
"ENSG00000145332",7.204298451
"ENSG00000114030",17.82273628
"ENSG00000186432",18.51897828
"ENSG00000025800",17.5805819
"ENSG00000108424",20.78589765
"ENSG00000133703",14.28231407
"ENSG00000172086",50.8265848
"ENSG00000111615",19.25164871
"ENSG00000163463",21.60979763
"ENSG00000105700",10.61386474
"ENSG00000198945",5.551132386
"ENSG00000154655",15.74093178
"ENSG00000103642",11.41771517
"ENSG00000147592",16.38112206
"ENSG00000116586",20.48997354
"ENSG00000002549",26.00784423
"ENSG00000107929",14.40411445
"ENSG00000174720",33.79605843
"ENSG00000133706",26.40244337
"ENSG00000002834",15.83511307
"ENSG00000131023",15.22869776
"ENSG00000178177",12.31526646
"ENSG00000043462",40.16093756
"ENSG00000116977",9.200798894
"ENSG00000100600",78.66575555
"ENSG00000145685",65.5016259
"ENSG00000182541",11.38832196
"ENSG00000257207",55.85073694
"ENSG00000169783",157.3101165
"ENSG00000107798",79.57932883
"ENSG00000114988",17.32277415
"ENSG00000139636",5.424584113
"ENSG00000206535",8.557906778
"ENSG00000113441",9.570479537
"ENSG00000154359",13.00290287
"ENSG00000064547",7.081176693
"ENSG00000139679",262.4629439
"ENSG00000153395",8.182958213
"ENSG00000087253",75.82239507
"ENSG00000101577",44.42007523
"ENSG00000175445",42.65438208
"ENSG00000145012",18.36898677
"ENSG00000110031",50.19713524
"ENSG00000198589",12.8470843
"ENSG00000118308",63.94684756
"ENSG00000168904",9.129332932
"ENSG00000128594",8.589231841
"ENSG00000180979",6.145867276
"ENSG00000108829",7.610361278
"ENSG00000124831",24.27202416
"ENSG00000188906",9.250191889
"ENSG00000041802",9.004368617
"ENSG00000106355",8.919824515
"ENSG00000111144",7.646739666
"ENSG00000169641",25.43457024
"ENSG00000079257",8.529450712
"ENSG00000112799",204.1187645
"ENSG00000154589",68.85596868
"ENSG00000145220",8.821256112
"ENSG00000254087",83.95019644
"ENSG00000120992",21.18221995
"ENSG00000214113",6.363579567
"ENSG00000163155",5.485458116
"ENSG00000143669",25.90436109
"ENSG00000133800",109.3536152
"ENSG00000003056",22.34066876
"ENSG00000090316",5.695118858
"ENSG00000178573",66.41565036
"ENSG00000204103",30.96615641
"ENSG00000177383",46.46538433
"ENSG00000111196",6.838684848
"ENSG00000102158",18.29284739
"ENSG00000198042",10.25792865
"ENSG00000172175",18.69013102
"ENSG00000165072",16.89700244
"ENSG00000161021",4.806296061
"ENSG00000184384",75.05000519
"ENSG00000196782",53.33128425
"ENSG00000111885",28.29946535
"ENSG00000117643",5.786830107
"ENSG00000104774",8.698659787
"ENSG00000013288",4.55083171
"ENSG00000109323",25.08396444
"ENSG00000169032",43.91419427
"ENSG00000034152",16.98134779
"ENSG00000137764",19.89315286
"ENSG00000108984",6.305746869
"ENSG00000169967",19.66111569
"ENSG00000198909",12.54312836
"ENSG00000107968",37.2477001
"ENSG00000119487",16.22142308
"ENSG00000089022",5.891807595
"ENSG00000101367",33.95812218
"ENSG00000155130",158.9385341
"ENSG00000009724",6.881660558
"ENSG00000120539",11.16415592
"ENSG00000168906",95.71112732
"ENSG00000125952",24.66040112
"ENSG00000180611",19.35926971
"ENSG00000129071",45.47325845
"ENSG00000151332",19.52542567
"ENSG00000152601",66.87043074
"ENSG00000140943",9.097355463
"ENSG00000078070",20.2552744
"ENSG00000126217",9.328414868
"ENSG00000053524",12.27949813
"ENSG00000143384",78.70744516
"ENSG00000112118",6.212348709
"ENSG00000160294",9.425642667
"ENSG00000111877",8.463682855
"ENSG00000197771",9.125138587
"ENSG00000147316",14.80320936
"ENSG00000135679",34.11939959
"ENSG00000112159",8.867411716
"ENSG00000082212",30.74873003
"ENSG00000169057",8.031082918
"ENSG00000125686",9.306699161
"ENSG00000161920",14.17093389
"ENSG00000184634",3.175101947
"ENSG00000144893",37.71884154
"ENSG00000108510",16.79026673
"ENSG00000123066",39.50626509
"ENSG00000180182",14.5250052
"ENSG00000152944",26.48138004
"ENSG00000118579",4.315699365
"ENSG00000108590",23.02004406
"ENSG00000068305",200.0941976
"ENSG00000081189",227.646301
"ENSG00000162959",17.15277112
"ENSG00000153208",91.84102164
"ENSG00000140406",10.01823313
"ENSG00000164024",21.3861794
"ENSG00000111142",28.25851376
"ENSG00000145388",8.241681795
"ENSG00000127804",5.778393915
"ENSG00000165792",25.10819789
"ENSG00000139160",2.462556621
"ENSG00000165055",3.50576738
"ENSG00000123600",3.593632635
"ENSG00000197006",17.70682139
"ENSG00000116688",11.93382139
"ENSG00000118855",29.95446118
"ENSG00000161091",6.620101779
"ENSG00000164073",9.673229349
"ENSG00000168282",5.534766209
"ENSG00000071073",53.71639209
"ENSG00000152127",24.03163013
"ENSG00000154305",14.79580681
"ENSG00000135596",12.3494309
"ENSG00000125457",12.24725865
"ENSG00000170854",4.929509446
"ENSG00000164654",19.21222692
"ENSG00000129534",58.29391788
"ENSG00000158411",26.43215874
"ENSG00000196588",21.38821685
"ENSG00000079277",80.86870084
"ENSG00000130382",11.04567949
"ENSG00000078403",32.51863066
"ENSG00000108788",11.91295354
"ENSG00000175727",8.616293817
"ENSG00000108960",30.21055605
"ENSG00000114978",32.49731694
"ENSG00000173542",17.23562838
"ENSG00000172081",10.706996
"ENSG00000124217",4.116738364
"ENSG00000159256",23.50502599
"ENSG00000133131",5.131494971
"ENSG00000130830",31.11053772
"ENSG00000154889",6.661409733
"ENSG00000254858",4.62864334
"ENSG00000153029",6.996905166
"ENSG00000020922",8.783427421
"ENSG00000037757",5.785267468
"ENSG00000174547",7.512903551
"ENSG00000166902",16.91980356
"ENSG00000114686",21.03591264
"ENSG00000135900",13.70502924
"ENSG00000136897",13.18342719
"ENSG00000172590",10.19596398
"ENSG00000143436",17.08114771
"ENSG00000074071",24.48522565
"ENSG00000113318",15.96823578
"ENSG00000116062",8.871002557
"ENSG00000174579",12.44499202
"ENSG00000005302",18.08865534
"ENSG00000038945",102.942828
"ENSG00000149480",4.830767921
"ENSG00000103707",15.44511878
"ENSG00000120254",51.95611918
"ENSG00000065911",29.19940236
"ENSG00000177000",6.051153542
"ENSG00000163719",8.714558724
"ENSG00000116984",10.29186115
"ENSG00000172732",6.469465586
"ENSG00000215375",4.133043963
"ENSG00000085274",14.16890213
"ENSG00000196535",5.181505944
"ENSG00000099331",19.49281735
"ENSG00000138119",23.48757085
"ENSG00000078177",12.95063665
"ENSG00000244754",69.22519719
"ENSG00000164134",22.18194259
"ENSG00000173418",67.64132134
"ENSG00000111300",14.03747348
"ENSG00000110583",11.50394391
"ENSG00000121579",15.48222091
"ENSG00000138744",7.559598715
"ENSG00000166886",9.963148787
"ENSG00000196531",74.56981968
"ENSG00000172890",4.062795721
"ENSG00000145414",8.381886402
"ENSG00000198951",10.5319341
"ENSG00000124357",14.20910611
"ENSG00000095380",9.058995511
"ENSG00000137513",12.05263918
"ENSG00000135372",7.653396861
"ENSG00000067798",87.47928809
"ENSG00000151503",3.823648558
"ENSG00000136937",13.51095228
"ENSG00000158092",22.8816359
"ENSG00000071051",39.30901096
"ENSG00000124151",24.59825632
"ENSG00000124160",23.67848785
"ENSG00000141027",21.50653658
"ENSG00000166579",11.02680096
"ENSG00000160194",9.068245899
"ENSG00000165525",36.94845452
"ENSG00000186575",9.136185434
"ENSG00000101096",16.06839078
"ENSG00000176953",5.747111296
"ENSG00000141905",9.309408946
"ENSG00000109320",21.35551953
"ENSG00000167604",10.76002473
"ENSG00000146232",6.142420342
"ENSG00000144802",34.4963435
"ENSG00000086102",17.06955825
"ENSG00000129460",28.03368851
"ENSG00000151092",9.237006231
"ENSG00000188811",20.17546536
"ENSG00000100503",15.22031628
"ENSG00000131669",35.04607607
"ENSG00000132603",5.746057678
"ENSG00000140157",22.72876049
"ENSG00000164190",28.84077673
"ENSG00000165028",30.98429949
"ENSG00000114021",15.19004366
"ENSG00000091106",5.573516803
"ENSG00000162711",30.22822264
"ENSG00000173614",11.58314734
"ENSG00000115761",20.33098643
"ENSG00000130935",12.34385401
"ENSG00000225921",47.39105904
"ENSG00000198000",13.90750011
"ENSG00000147140",18.90906194
"ENSG00000111641",6.736064247
"ENSG00000149308",7.202074762
"ENSG00000119655",67.53031629
"ENSG00000135838",53.68978705
"ENSG00000181163",40.28746039
"ENSG00000153234",49.13343873
"ENSG00000119508",39.0976389
"ENSG00000213281",11.2915049
"ENSG00000148572",23.74345681
"ENSG00000180530",41.70924034
"ENSG00000165671",12.94441533
"ENSG00000117697",27.64004082
"ENSG00000035681",19.61944498
"ENSG00000156831",63.75105598
"ENSG00000107672",19.84366464
"ENSG00000037474",15.74550122
"ENSG00000178694",6.869958453
"ENSG00000117481",4.59417029
"ENSG00000074590",33.60800097
"ENSG00000013374",17.23017575
"ENSG00000103274",13.99893809
"ENSG00000166321",6.546613061
"ENSG00000198585",6.759393255
"ENSG00000083635",6.433354548
"ENSG00000108256",27.53086748
"ENSG00000137497",7.414948845
"ENSG00000133961",29.71758444
"ENSG00000111581",12.73210316
"ENSG00000124789",14.49373731
"ENSG00000113569",4.25189955
"ENSG00000030066",9.710143128
"ENSG00000095319",8.297811665
"ENSG00000155561",7.784488357
"ENSG00000163002",8.031712233
"ENSG00000093000",5.755334778
"ENSG00000138750",32.18528714
"ENSG00000125450",8.139683761
"ENSG00000108559",12.85334925
"ENSG00000102900",9.30991433
"ENSG00000110713",14.32664482
"ENSG00000136243",16.21094894
"ENSG00000153989",13.25383955
"ENSG00000143748",20.25214059
"ENSG00000180304",12.77772699
"ENSG00000122126",10.71347409
"ENSG00000115758",24.3543461
"ENSG00000046651",43.51572126
"ENSG00000087263",10.59990393
"ENSG00000119900",54.27008627
"ENSG00000162745",11.52173191
"ENSG00000173391",366.0259988
"ENSG00000128699",39.39843755
"ENSG00000135506",24.65791892
"ENSG00000070882",13.68325553
"ENSG00000198856",28.73237584
"ENSG00000134996",68.66130024
"ENSG00000081087",15.02639117
"ENSG00000165312",33.35416168
"ENSG00000164164",11.08622473
"ENSG00000068308",13.17986854
"ENSG00000155463",23.17255089
"ENSG00000154814",8.278874934
"ENSG00000135124",20.1835612
"ENSG00000169313",765.0205067
"ENSG00000122884",69.67516703
"ENSG00000185624",14.47259482
"ENSG00000070756",131.6769757
"ENSG00000090621",17.92287058
"ENSG00000175115",16.40870385
"ENSG00000100266",22.7317213
"ENSG00000158006",4.589459832
"ENSG00000076641",38.39518917
"ENSG00000180370",22.66898593
"ENSG00000152520",39.48170582
"ENSG00000152782",3.531408841
"ENSG00000125779",20.97673693
"ENSG00000110218",26.75013992
"ENSG00000164329",39.08292053
"ENSG00000121274",8.544780702
"ENSG00000115421",10.14563395
"ENSG00000182749",6.458258158
"ENSG00000227345",21.32351282
"ENSG00000175193",22.7281103
"ENSG00000140694",35.9133342
"ENSG00000102699",23.98758852
"ENSG00000151883",22.87274665
"ENSG00000166889",12.55885386
"ENSG00000100105",5.622283898
"ENSG00000108187",4.99734927
"ENSG00000163939",24.37624992
"ENSG00000197111",22.48064624
"ENSG00000165494",23.49289618
"ENSG00000185619",17.00847149
"ENSG00000078674",40.41351299
"ENSG00000168300",18.67654785
"ENSG00000135749",18.32693152
"ENSG00000145882",4.123244039
"ENSG00000197646",7.685472755
"ENSG00000071994",7.082420562
"ENSG00000174840",5.321645064
"ENSG00000123360",4.8047504
"ENSG00000100311",23.25870239
"ENSG00000167004",31.27328287
"ENSG00000155660",8.821967542
"ENSG00000004799",107.6329115
"ENSG00000162493",14.90913442
"ENSG00000090857",8.116588558
"ENSG00000121892",19.52103024
"ENSG00000164494",17.02400144
"ENSG00000173517",19.01753682
"ENSG00000134020",12.29132175
"ENSG00000115425",4.471514264
"ENSG00000197329",80.45439985
"ENSG00000132326",16.78754562
"ENSG00000162928",6.27018906
"ENSG00000139197",7.214847056
"ENSG00000112357",9.923391021
"ENSG00000123349",103.1908155
"ENSG00000164219",27.68785409
"ENSG00000102144",46.88098008
"ENSG00000169299",17.89869563
"ENSG00000134686",24.50115347
"ENSG00000173889",10.27803735
"ENSG00000136147",34.85560507
"ENSG00000025293",23.60622212
"ENSG00000118482",18.79727132
"ENSG00000156531",8.188393099
"ENSG00000172943",6.813378446
"ENSG00000044446",5.954373571
"ENSG00000249967",10.44014484
"ENSG00000143393",11.4760357
"ENSG00000033800",76.63079283
"ENSG00000073921",103.3959658
"ENSG00000135845",12.35928428
"ENSG00000174227",6.653350484
"ENSG00000108474",11.36255268
"ENSG00000165282",6.401359545
"ENSG00000163964",8.749833925
"ENSG00000104872",13.61051369
"ENSG00000155629",30.63722476
"ENSG00000121879",14.28276317
"ENSG00000145675",36.71634628
"ENSG00000115020",13.82185958
"ENSG00000085514",52.36333017
"ENSG00000143398",16.91175116
"ENSG00000180957",26.22908432
"ENSG00000134627",6.991639808
"ENSG00000118762",30.77075846
"ENSG00000065243",43.63596714
"ENSG00000160199",7.656473725
"ENSG00000116711",52.4034342
"ENSG00000146070",6.572420826
"ENSG00000118495",14.49843661
"ENSG00000126003",5.191363046
"ENSG00000011422",36.94158599
"ENSG00000137841",21.86465118
"ENSG00000197943",15.26331294
"ENSG00000154822",44.4234622
"ENSG00000179598",8.035823572
"ENSG00000169499",15.77450781
"ENSG00000175895",7.512317148
"ENSG00000116786",13.82401957
"ENSG00000023902",14.67008591
"ENSG00000147872",46.86425364
"ENSG00000171566",26.80493517
"ENSG00000120594",209.6860168
"ENSG00000196576",7.00566122
"ENSG00000165688",4.909560969
"ENSG00000064933",38.01254783
"ENSG00000100941",78.86270485
"ENSG00000146278",68.23935401
"ENSG00000101346",3.215938435
"ENSG00000163389",12.20881672
"ENSG00000070501",23.57346743
"ENSG00000077514",7.032604515
"ENSG00000175482",28.68242968
"ENSG00000171453",25.43243127
"ENSG00000047315",28.67494318
"ENSG00000100413",3.219437746
"ENSG00000146707",6.261426922
"ENSG00000105171",3.740445755
"ENSG00000172336",25.43030425
"ENSG00000132170",11.91589403
"ENSG00000084072",4.338186105
"ENSG00000108179",16.01716825
"ENSG00000171960",9.10786931
"ENSG00000100023",5.129702103
"ENSG00000164088",6.579454629
"ENSG00000184203",17.6933407
"ENSG00000119383",6.504389124
"ENSG00000131238",76.37643027
"ENSG00000196850",11.04058351
"ENSG00000102103",19.85719075
"ENSG00000162976",12.83674782
"ENSG00000143294",9.043377413
"ENSG00000170325",8.850321795
"ENSG00000019485",12.71293896
"ENSG00000085377",11.31434779
"ENSG00000124126",30.75368782
"ENSG00000198056",16.49357894
"ENSG00000111725",11.11233323
"ENSG00000072062",6.521802854
"ENSG00000163932",35.41662043
"ENSG00000115825",21.81876094
"ENSG00000253729",12.82629074
"ENSG00000137492",7.697434195
"ENSG00000183943",10.23754946
"ENSG00000160310",23.85190781
"ENSG00000185238",10.57860387
"ENSG00000134748",17.6997705
"ENSG00000134186",76.30629535
"ENSG00000196504",16.94358073
"ENSG00000112739",34.50866866
"ENSG00000183530",8.421908145
"ENSG00000164244",6.616154408
"ENSG00000130723",11.18121356
"ENSG00000117523",30.16812734
"ENSG00000197746",221.9673273
"ENSG00000129084",65.01923252
"ENSG00000100567",52.73596509
"ENSG00000126067",24.4300169
"ENSG00000142507",54.62483345
"ENSG00000136930",44.82631264
"ENSG00000101843",31.41351618
"ENSG00000197170",17.57592011
"ENSG00000159352",23.84406568
"ENSG00000128789",32.84684955
"ENSG00000152229",8.583854594
"ENSG00000169403",27.04997136
"ENSG00000073756",19.8778865
"ENSG00000120899",10.63562359
"ENSG00000112245",23.96635091
"ENSG00000196396",17.54966234
"ENSG00000072135",19.02034701
"ENSG00000175354",25.74293754
"ENSG00000132334",54.87509567
"ENSG00000149177",57.18270604
"ENSG00000164611",4.742961866
"ENSG00000134644",27.54283474
"ENSG00000100504",12.86512781
"ENSG00000103485",7.625331623
"ENSG00000130348",6.667215707
"ENSG00000060749",12.54320117
"ENSG00000116260",4.324816058
"ENSG00000151576",7.300847921
"ENSG00000084733",49.43131459
"ENSG00000156675",2.698023906
"ENSG00000206418",28.41267287
"ENSG00000138069",121.748738
"ENSG00000168461",55.85323403
"ENSG00000118508",35.73013938
"ENSG00000172007",11.410278
"ENSG00000179331",28.73806063
"ENSG00000115839",27.91250887
"ENSG00000144566",29.62455001
"ENSG00000075785",76.90819035
"ENSG00000167461",10.17081783
"ENSG00000029725",30.00312774
"ENSG00000154710",13.40032601
"ENSG00000137955",19.51281894
"ENSG00000183155",9.376892626
"ENSG00000136238",107.7677765
"ENSG00000182185",23.06758571
"ENSG00000108384",17.28605166
"ENSG00000101146",5.886200886
"ENSG00000170471",9.142670977
"ENSG00000116191",8.625360715
"ENSG00000125970",25.43647374
"ENSG00000153201",54.22922877
"ENSG00000137040",14.7915522
"ENSG00000010017",47.69761017
"ENSG00000108961",13.32463118
"ENSG00000116473",63.46146305
"ENSG00000181467",21.57384789
"ENSG00000123728",20.18849349
"ENSG00000107263",23.28149276
"ENSG00000109756",41.95311279
"ENSG00000158987",26.44231401
"ENSG00000173166",29.39282366
"ENSG00000185989",14.67967577
"ENSG00000075391",33.29488334
"ENSG00000198915",5.637519376
"ENSG00000138670",142.7119756
"ENSG00000146090",98.27298457
"ENSG00000123094",31.72675967
"ENSG00000139687",48.84835001
"ENSG00000102054",16.23326324
"ENSG00000101773",17.0699658
"ENSG00000183808",4.955826658
"ENSG00000122965",14.17513217
"ENSG00000086589",16.30262815
"ENSG00000102317",40.28410815
"ENSG00000131051",65.74799783
"ENSG00000089682",16.40178371
"ENSG00000147274",37.24966911
"ENSG00000135870",17.37376388
"ENSG00000117602",3.851941122
"ENSG00000136161",49.43773497
"ENSG00000179051",20.7898627
"ENSG00000166965",3.336555518
"ENSG00000089902",15.21622236
"ENSG00000198771",28.15678527
"ENSG00000122707",12.71913849
"ENSG00000162924",33.79906998
"ENSG00000054967",3.785978048
"ENSG00000135945",14.97690403
"ENSG00000133119",13.03783331
"ENSG00000163933",2.628599657
"ENSG00000143207",37.50773986
"ENSG00000168411",5.925330326
"ENSG00000143390",8.057415614
"ENSG00000116741",74.69665579
"ENSG00000129667",34.21127967
"ENSG00000177105",82.8009801
"ENSG00000119729",39.07550249
"ENSG00000150977",23.63942878
"ENSG00000132669",110.7131688
"ENSG00000124784",14.62298386
"ENSG00000058729",5.887907443
"ENSG00000101782",18.77892143
"ENSG00000137275",9.967082507
"ENSG00000104312",14.50213571
"ENSG00000117000",24.33217157
"ENSG00000178966",4.917246247
"ENSG00000136104",19.23201952
"ENSG00000135828",6.012699726
"ENSG00000108830",2.026816516
"ENSG00000157450",19.76205596
"ENSG00000125352",18.21139954
"ENSG00000124226",34.80234597
"ENSG00000145860",26.91000941
"ENSG00000163162",42.88451905
"ENSG00000108523",12.86127098
"ENSG00000163961",20.97143716
"ENSG00000168894",67.16791968
"ENSG00000121481",8.490752245
"ENSG00000155827",20.79848521
"ENSG00000173821",12.81181631
"ENSG00000011275",17.87370714
"ENSG00000063978",9.781732774
"ENSG00000146083",6.872311406
"ENSG00000127870",11.41999069
"ENSG00000114125",23.54271936
"ENSG00000189050",18.11053789
"ENSG00000184719",10.58551673
"ENSG00000176393",20.60609207
"ENSG00000067900",22.37274564
"ENSG00000164610",12.69853857
"ENSG00000132383",8.649809012
"ENSG00000117748",49.33669162
"ENSG00000106399",5.62140987
"ENSG00000005175",23.71188433
"ENSG00000197713",14.19442496
"ENSG00000117133",23.54223666
"ENSG00000153574",11.28551199
"ENSG00000118705",58.42315068
"ENSG00000148688",6.588729066
"ENSG00000156990",3.539437787
"ENSG00000165526",5.855303673
"ENSG00000144580",11.50013546
"ENSG00000116954",12.4526013
"ENSG00000124782",7.259521703
"ENSG00000048392",13.72158227
"ENSG00000052749",6.009845157
"ENSG00000067533",9.597283318
"ENSG00000187257",9.203122931
"ENSG00000171490",20.3087733
"ENSG00000174891",26.02443253
"ENSG00000130347",5.788665314
"ENSG00000176225",25.9545393
"ENSG00000176783",9.91190527
"ENSG00000159216",42.01830155
"ENSG00000124813",26.98970928
"ENSG00000182552",6.522302326
"ENSG00000196218",9.81425141
"ENSG00000166788",10.04925382
"ENSG00000211456",15.92850828
"ENSG00000160633",10.10307217
"ENSG00000103449",18.21646762
"ENSG00000101347",25.17155735
"ENSG00000155307",208.1538165
"ENSG00000161526",8.292080729
"ENSG00000079332",28.20281077
"ENSG00000205323",14.84853556
"ENSG00000130066",1050.877134
"ENSG00000139218",37.27068755
"ENSG00000156304",13.60193134
"ENSG00000213079",24.09301629
"ENSG00000140497",32.39120582
"ENSG00000184178",28.70390944
"ENSG00000151466",11.1007301
"ENSG00000163156",7.940598661
"ENSG00000136021",11.65056304
"ENSG00000000457",4.306765278
"ENSG00000198301",22.96349562
"ENSG00000137575",101.2491908
"ENSG00000165689",7.929275194
"ENSG00000054282",61.54957914
"ENSG00000132581",14.1727725
"ENSG00000143252",19.60425808
"ENSG00000140612",25.50669179
"ENSG00000121542",13.6581769
"ENSG00000107651",13.58447156
"ENSG00000113615",8.29143208
"ENSG00000176986",15.86267698
"ENSG00000150961",9.061724623
"ENSG00000187742",18.93140769
"ENSG00000071537",20.91589903
"ENSG00000119231",17.25265336
"ENSG00000086475",6.717232245
"ENSG00000109618",5.162327829
"ENSG00000170542",113.5609897
"ENSG00000132386",31.69440356
"ENSG00000179833",9.927824233
"ENSG00000080546",33.26710748
"ENSG00000143379",9.082863389
"ENSG00000107290",32.48054208
"ENSG00000183431",25.41138609
"ENSG00000115524",93.25830124
"ENSG00000087365",13.61535847
"ENSG00000189091",7.638311678
"ENSG00000163935",9.618728797
"ENSG00000198879",113.9388066
"ENSG00000116560",48.74514647
"ENSG00000156398",4.614041175
"ENSG00000118515",233.749404
"ENSG00000126821",19.52742851
"ENSG00000111252",61.31004871
"ENSG00000131171",101.9173046
"ENSG00000097033",21.6444024
"ENSG00000147010",46.00156935
"ENSG00000172985",36.9221315
"ENSG00000176974",11.10414108
"ENSG00000146414",9.297735015
"ENSG00000196470",14.50770582
"ENSG00000181788",15.83947818
"ENSG00000149577",4.694003379
"ENSG00000052723",20.41913678
"ENSG00000116991",33.7817587
"ENSG00000005020",60.89064993
"ENSG00000157933",14.03104566
"ENSG00000136603",47.17801862
"ENSG00000145604",8.085845296
"ENSG00000155926",42.59859085
"ENSG00000120519",8.105369828
"ENSG00000018280",13.17563497
"ENSG00000110911",27.23669446
"ENSG00000140199",22.73143603
"ENSG00000139370",20.67535085
"ENSG00000119899",12.58001149
"ENSG00000089057",21.36736069
"ENSG00000074621",4.340181523
"ENSG00000125454",4.977445112
"ENSG00000148339",9.359887584
"ENSG00000155287",39.73867007
"ENSG00000147454",23.81904189
"ENSG00000155850",5.916403848
"ENSG00000112759",10.69047749
"ENSG00000198246",10.91676196
"ENSG00000142583",68.08813794
"ENSG00000145740",7.886333104
"ENSG00000014824",23.04360372
"ENSG00000169359",7.472279829
"ENSG00000117620",8.529544519
"ENSG00000215790",9.620541341
"ENSG00000177058",11.11166379
"ENSG00000143570",11.47749023
"ENSG00000033867",43.80683085
"ENSG00000169241",15.59856401
"ENSG00000103064",11.28600371
"ENSG00000103061",7.522657342
"ENSG00000155465",27.9025864
"ENSG00000092068",11.76126364
"ENSG00000183023",42.95609248
"ENSG00000181804",154.9830014
"ENSG00000137491",52.95220822
"ENSG00000175387",16.3210293
"ENSG00000166949",18.64261318
"ENSG00000084070",123.5326406
"ENSG00000102038",29.48745313
"ENSG00000138375",6.695200979
"ENSG00000072501",11.91721899
"ENSG00000136824",8.812448628
"ENSG00000113810",12.50077106
"ENSG00000157106",11.10163477
"ENSG00000116698",13.65534364
"ENSG00000119953",7.980755162
"ENSG00000136699",6.031379144
"ENSG00000102172",23.19427624
"ENSG00000123415",4.278072252
"ENSG00000198742",19.73205976
"ENSG00000186532",6.179957363
"ENSG00000092531",22.54707432
"ENSG00000197157",19.35417347
"ENSG00000163877",5.279674483
"ENSG00000124380",22.18518943
"ENSG00000002919",8.146119627
"ENSG00000071189",14.26147333
"ENSG00000178996",8.676939719
"ENSG00000205302",49.84158268
"ENSG00000048471",22.86024346
"ENSG00000089006",25.41912522
"ENSG00000130340",27.80377541
"ENSG00000057252",37.79130308
"ENSG00000180008",7.690820705
"ENSG00000171150",12.47898302
"ENSG00000170677",84.47207728
"ENSG00000137642",90.68252125
"ENSG00000067066",28.38159775
"ENSG00000079263",12.75568259
"ENSG00000172845",16.93680256
"ENSG00000077327",3.1879504
"ENSG00000145375",12.67793656
"ENSG00000129128",17.07444852
"ENSG00000104133",15.07656032
"ENSG00000106723",66.95649996
"ENSG00000144228",10.94061168
"ENSG00000118785",1079.981932
"ENSG00000138600",48.52709947
"ENSG00000166068",65.12852739
"ENSG00000164056",17.87136259
"ENSG00000100596",37.73238666
"ENSG00000213523",14.99335691
"ENSG00000153006",6.137467506
"ENSG00000112658",5.434963352
"ENSG00000151304",22.26839264
"ENSG00000196935",23.43518392
"ENSG00000163486",143.8903297
"ENSG00000100883",37.85376632
"ENSG00000174780",24.63492292
"ENSG00000167978",38.71818352
"ENSG00000161547",155.7214344
"ENSG00000116350",36.92856069
"ENSG00000124193",155.9121843
"ENSG00000115875",134.2376851
"ENSG00000141380",12.81104988
"ENSG00000145687",31.6647444
"ENSG00000084112",20.1902709
"ENSG00000141298",37.58414864
"ENSG00000124783",21.4505041
"ENSG00000008513",11.3839843
"ENSG00000064225",43.95643678
"ENSG00000073849",160.6026529
"ENSG00000184005",78.35452512
"ENSG00000113532",26.41953046
"ENSG00000118007",37.76989889
"ENSG00000101972",26.38894945
"ENSG00000138134",15.66243384
"ENSG00000115415",22.97048406
"ENSG00000166888",14.48219312
"ENSG00000168439",13.82109262
"ENSG00000072786",10.0082463
"ENSG00000164543",12.73837548
"ENSG00000081320",19.84223079
"ENSG00000115694",9.154745934
"ENSG00000152953",5.357829052
"ENSG00000211455",13.10548488
"ENSG00000101109",27.13094654
"ENSG00000163527",29.76428099
"ENSG00000166900",11.90957572
"ENSG00000103496",11.72975831
"ENSG00000079950",20.61338084
"ENSG00000170310",32.78706911
"ENSG00000198252",8.466054889
"ENSG00000172340",37.92390498
"ENSG00000111707",9.375907126
"ENSG00000107882",7.091598094
"ENSG00000144455",21.60504086
"ENSG00000188612",36.4057408
"ENSG00000092201",17.30819897
"ENSG00000109111",8.169397766
"ENSG00000106868",15.48685425
"ENSG00000178691",13.20845977
"ENSG00000133789",26.04071627
"ENSG00000169895",27.699893
"ENSG00000135316",18.87759324
"ENSG00000101463",199.6951045
"ENSG00000134207",14.57729359
"ENSG00000164674",17.9397836
"ENSG00000162298",7.258924082
"ENSG00000055208",72.95743879
"ENSG00000157625",5.38876015
"ENSG00000136463",5.417417627
"ENSG00000108264",4.772229482
"ENSG00000147133",10.56226764
"ENSG00000120656",11.28045035
"ENSG00000172660",23.20565273
"ENSG00000166012",20.11887281
"ENSG00000064313",16.84358224
"ENSG00000165632",10.64560407
"ENSG00000135801",5.10511727
"ENSG00000164691",21.69522867
"ENSG00000113407",17.84628689
"ENSG00000065882",15.91753812
"ENSG00000132405",16.69698126
"ENSG00000109680",35.61648676
"ENSG00000125875",9.850204224
"ENSG00000054611",47.98692078
"ENSG00000065491",6.586185254
"ENSG00000167202",7.705106711
"ENSG00000131374",30.57315221
"ENSG00000145979",8.464630108
"ENSG00000109436",33.70715917
"ENSG00000183735",22.49410939
"ENSG00000177565",51.50502671
"ENSG00000154144",25.11176436
"ENSG00000187735",14.10644165
"ENSG00000116205",6.050905862
"ENSG00000154582",17.52973883
"ENSG00000011007",9.104215116
"ENSG00000141002",22.73431942
"ENSG00000176148",7.469592675
"ENSG00000196116",8.492506046
"ENSG00000172171",22.45710736
"ENSG00000107140",7.37935149
"ENSG00000168769",19.94723746
"ENSG00000187605",10.99124639
"ENSG00000136891",5.309247072
"ENSG00000164081",5.712559711
"ENSG00000151287",8.46783928
"ENSG00000151575",3.551401155
"ENSG00000108064",5.346701078
"ENSG00000162851",6.977027127
"ENSG00000135457",23.07669374
"ENSG00000068323",5.625374976
"ENSG00000088451",11.15363471
"ENSG00000106799",52.4368534
"ENSG00000135966",4.262172242
"ENSG00000177426",14.769907
"ENSG00000152291",28.91085217
"ENSG00000115970",10.09747161
"ENSG00000173451",3.965817074
"ENSG00000185875",9.482375736
"ENSG00000051596",4.060846439
"ENSG00000066654",49.78663114
"ENSG00000138050",17.87985622
"ENSG00000134077",12.79766812
"ENSG00000156299",33.14120751
"ENSG00000126953",5.160514952
"ENSG00000166548",5.206364012
"ENSG00000137076",10.83028409
"ENSG00000171914",21.21371007
"ENSG00000169490",10.74354991
"ENSG00000136404",78.4283624
"ENSG00000064115",15.54125474
"ENSG00000125304",40.38899615
"ENSG00000113119",9.660377423
"ENSG00000158604",17.61393347
"ENSG00000117500",20.26461096
"ENSG00000184840",20.66986405
"ENSG00000109066",5.165170615
"ENSG00000126062",8.015521113
"ENSG00000198270",9.974878646
"ENSG00000139173",30.69343171
"ENSG00000075568",10.46785665
"ENSG00000149483",3.772843693
"ENSG00000121895",53.96304799
"ENSG00000164180",7.156804766
"ENSG00000152128",10.80297357
"ENSG00000146802",9.871329653
"ENSG00000139291",6.716497599
"ENSG00000170088",6.474616523
"ENSG00000168701",22.19831193
"ENSG00000146842",12.52911044
"ENSG00000150433",3.41306021
"ENSG00000176142",17.44664784
"ENSG00000171729",12.35632116
"ENSG00000204178",20.4383409
"ENSG00000135211",23.1229015
"ENSG00000137842",6.559280335
"ENSG00000137216",10.8813193
"ENSG00000164983",17.87750937
"ENSG00000167904",4.906249864
"ENSG00000175606",10.65311647
"ENSG00000185973",10.63774341
"ENSG00000136842",13.31908429
"ENSG00000120802",9.114489619
"ENSG00000168591",12.38510152
"ENSG00000139921",30.14398917
"ENSG00000185215",12.87301881
"ENSG00000183578",13.05414704
"ENSG00000120889",22.20100895
"ENSG00000146072",23.76800071
"ENSG00000102524",9.473066191
"ENSG00000107854",30.41403339
"ENSG00000083312",15.31971682
"ENSG00000064419",15.10403326
"ENSG00000132773",4.615421622
"ENSG00000100216",27.76303784
"ENSG00000158882",6.815604667
"ENSG00000198900",36.87607232
"ENSG00000163781",11.9462879
"ENSG00000136827",7.834093082
"ENSG00000143337",17.29247169
"ENSG00000136816",5.898728498
"ENSG00000186283",9.763669033
"ENSG00000175274",7.709302346
"ENSG00000172315",5.496352311
"ENSG00000196511",14.34451448
"ENSG00000143549",49.39899183
"ENSG00000137364",8.455787014
"ENSG00000134900",24.32453956
"ENSG00000144034",10.11851992
"ENSG00000136527",30.66492361
"ENSG00000131323",8.244288456
"ENSG00000175104",12.21522012
"ENSG00000168016",7.13968792
"ENSG00000167632",4.63606806
"ENSG00000173334",103.3236669
"ENSG00000106785",7.285297261
"ENSG00000132274",41.60796142
"ENSG00000119401",18.98135321
"ENSG00000152503",13.64374572
"ENSG00000166326",48.71008785
"ENSG00000132256",9.643097284
"ENSG00000183718",6.338191183
"ENSG00000100815",16.71256511
"ENSG00000153827",19.55720782
"ENSG00000103671",16.04221049
"ENSG00000183665",5.579075222
"ENSG00000089195",6.661211596
"ENSG00000092439",11.95219344
"ENSG00000187688",4.221370541
"ENSG00000196428",18.90476359
"ENSG00000123297",8.367846417
"ENSG00000180543",18.87576144
"ENSG00000167721",9.832293318
"ENSG00000143643",13.04086911
"ENSG00000052841",25.44653862
"ENSG00000011295",31.56866074
"ENSG00000105948",5.068224131
"ENSG00000115282",7.757839996
"ENSG00000068724",11.30615446
"ENSG00000125482",13.02955067
"ENSG00000101407",6.431912255
"ENSG00000214021",4.377228227
"ENSG00000167553",22.85716792
"ENSG00000126216",12.00116536
"ENSG00000153575",14.14730748
"ENSG00000151239",11.75684262
"ENSG00000164440",7.5480988
"ENSG00000153066",11.4504671
"ENSG00000117862",16.06056484
"ENSG00000198874",22.90812629
"ENSG00000162623",12.23914332
"ENSG00000144744",47.162453
"ENSG00000134882",45.294157
"ENSG00000154127",15.97164346
"ENSG00000072401",11.64758353
"ENSG00000131508",24.60157119
"ENSG00000109332",36.27121774
"ENSG00000170142",45.43560492
"ENSG00000182247",145.1708092
"ENSG00000103275",6.186633582
"ENSG00000078140",32.27531058
"ENSG00000140367",11.32310312
"ENSG00000009335",10.18408156
"ENSG00000103353",3.890716333
"ENSG00000138629",18.64618773
"ENSG00000153560",9.05152792
"ENSG00000168246",8.38007706
"ENSG00000215114",14.6436848
"ENSG00000151116",9.580870752
"ENSG00000120686",45.84052382
"ENSG00000148154",25.24672352
"ENSG00000136731",6.93942059
"ENSG00000152332",10.46985809
"ENSG00000065060",11.85449941
"ENSG00000111647",15.36407834
"ENSG00000083290",13.19356182
"ENSG00000168038",10.28038642
"ENSG00000115446",42.11897148
"ENSG00000151461",21.71929631
"ENSG00000125351",36.58073716
"ENSG00000094841",4.388542917
"ENSG00000169021",42.34345367
"ENSG00000142207",4.224023722
"ENSG00000105698",10.46599339
"ENSG00000103194",11.1046985
"ENSG00000135655",46.7822961
"ENSG00000162402",21.54263058
"ENSG00000155313",14.39438305
"ENSG00000135913",10.53713643
"ENSG00000114316",23.66299146
"ENSG00000106346",8.255638661
"ENSG00000145390",43.5809887
"ENSG00000187555",15.99876098
"ENSG00000124486",22.31846311
"ENSG00000132952",25.40959146
"ENSG00000111962",16.61920259
"ENSG00000183520",12.04303757
"ENSG00000156697",9.567397477
"ENSG00000120800",8.084138527
"ENSG00000147679",9.286359455
"ENSG00000132467",14.3093551
"ENSG00000108651",28.62813734
"ENSG00000183878",16.22925614
"ENSG00000198382",33.80011019
"ENSG00000115652",10.33859645
"ENSG00000126756",60.55740032
"ENSG00000103043",3.716459437
"ENSG00000118640",59.16093798
"ENSG00000071246",25.49070713
"ENSG00000125753",5.916668869
"ENSG00000175073",6.912486642
"ENSG00000134086",11.40286954
"ENSG00000062716",68.64306021
"ENSG00000154978",20.96116876
"ENSG00000132549",18.42141891
"ENSG00000129003",47.81788994
"ENSG00000048707",12.37698501
"ENSG00000111237",47.88235105
"ENSG00000119541",17.44998889
"ENSG00000151532",21.31566732
"ENSG00000158195",47.34721349
"ENSG00000139668",52.28267439
"ENSG00000128815",10.19466849
"ENSG00000071127",12.68601616
"ENSG00000162923",24.03568583
"ENSG00000065183",4.211189492
"ENSG00000136709",12.84801452
"ENSG00000134987",7.289621002
"ENSG00000047056",14.67216698
"ENSG00000163811",18.97148926
"ENSG00000185798",6.692003793
"ENSG00000120314",3.414178574
"ENSG00000082068",29.80097659
"ENSG00000133316",5.959736261
"ENSG00000115368",17.09827563
"ENSG00000164091",13.06714476
"ENSG00000105875",13.170783
"ENSG00000196151",25.38549363
"ENSG00000109685",5.097791005
"ENSG00000070540",20.92411166
"ENSG00000134245",4.220637005
"ENSG00000101966",8.953522818
"ENSG00000158156",3.195516787
"ENSG00000136936",59.65560326
"ENSG00000132953",7.817563146
"ENSG00000073050",4.750252401
"ENSG00000152422",19.09856235
"ENSG00000079246",53.00036791
"ENSG00000114127",17.32341486
"ENSG00000088930",41.03024553
"ENSG00000065978",45.41756882
"ENSG00000058799",23.66590093
"ENSG00000137207",22.34810599
"ENSG00000106636",5.705109585
"ENSG00000047188",19.56835435
"ENSG00000198492",32.37249769
"ENSG00000100811",12.14046703
"ENSG00000180011",5.156183355
"ENSG00000100426",4.327766109
"ENSG00000126804",25.54685241
"ENSG00000066422",11.734397
"ENSG00000171448",2.601897637
"ENSG00000177125",5.305124937
"ENSG00000168795",4.865490945
"ENSG00000149289",8.06701041
"ENSG00000122299",19.95965224
"ENSG00000091732",12.56825918
"ENSG00000155329",13.40282585
"ENSG00000177764",6.394287694
"ENSG00000083223",49.29377576
"ENSG00000131732",5.034888984
"ENSG00000104219",12.83887021
"ENSG00000163812",12.01266812
"ENSG00000136247",7.866898839
"ENSG00000156599",9.806213495
"ENSG00000023041",31.62369564
"ENSG00000153786",9.646985263
"ENSG00000104231",17.04089985
"ENSG00000178381",31.21479356
"ENSG00000156639",71.8116011
"ENSG00000086666",30.68587479
"ENSG00000133858",23.16535631
"ENSG00000140836",25.25877365
"ENSG00000185650",76.68832693
"ENSG00000152518",164.7468114
"ENSG00000105278",8.638587248
"ENSG00000072121",3.83306999
"ENSG00000172667",14.63544271
"ENSG00000146463",25.14364642
"ENSG00000132950",26.25300092
"ENSG00000196247",4.425059845
"ENSG00000152926",13.03050917
"ENSG00000197961",8.514436928
"ENSG00000213762",4.458850522
"ENSG00000196646",8.719517224
"ENSG00000196387",5.522453915
"ENSG00000166478",18.08860049
"ENSG00000163848",18.166395
"ENSG00000170949",11.46781897
"ENSG00000167384",6.102139384
"ENSG00000147118",5.690607868
"ENSG00000010539",3.702910411
"ENSG00000010244",41.03362284
"ENSG00000256294",1.998765313
"ENSG00000213096",13.38759524
"ENSG00000254004",9.635715555
"ENSG00000006194",3.135119453
"ENSG00000174652",23.28540168
"ENSG00000185947",19.78944935
"ENSG00000056277",4.85622589
"ENSG00000166526",15.92441085
"ENSG00000130803",8.938679838
"ENSG00000171467",6.403324617
"ENSG00000109445",26.94622576
"ENSG00000130844",19.47398188
"ENSG00000160961",5.687792458
"ENSG00000130684",18.68727326
"ENSG00000189180",13.83607149
"ENSG00000196693",10.36088927
"ENSG00000196378",14.96441762
"ENSG00000113761",11.91933445
"ENSG00000169981",5.981497308
"ENSG00000196705",9.264152639
"ENSG00000188033",18.5919667
"ENSG00000178163",5.271389474
"ENSG00000251369",7.488122958
"ENSG00000178935",8.371301529
"ENSG00000186300",3.689158399
"ENSG00000171466",14.52796377
"ENSG00000189042",10.12496323
"ENSG00000171827",4.907089415
"ENSG00000171574",5.457463798
"ENSG00000166716",4.954837371
"ENSG00000180626",3.285543903
"ENSG00000180357",16.41568529
"ENSG00000213020",5.001671114
"ENSG00000176024",4.147466325
"ENSG00000157657",5.036111987
"ENSG00000173545",12.96606053
"ENSG00000167528",14.26064092
"ENSG00000188295",9.564490839
"ENSG00000171161",3.908801699
"ENSG00000197372",6.955222651
"ENSG00000181450",5.500005458
"ENSG00000164011",14.04650099
"ENSG00000147789",7.858723461
"ENSG00000257482",7.121738019
"ENSG00000181220",3.282458437
"ENSG00000186376",5.664969674
"ENSG00000152443",6.152561931
"ENSG00000198482",4.346345183
"ENSG00000198783",31.53734384
"ENSG00000196605",18.59129294
"ENSG00000221923",7.194829806
"ENSG00000146757",6.478324407
"ENSG00000124201",16.3089668
"ENSG00000180233",39.5740088
"ENSG00000121988",6.467853515
"ENSG00000169249",18.74684472
"ENSG00000130449",87.29353914
"ENSG00000074755",5.898449338
