"ensembl_id","Neurons"
"ENSG00000115977",27.99112276
"ENSG00000090861",24.19421773
"ENSG00000149313",26.74952764
"ENSG00000183044",24.13860786
"ENSG00000167972",8.505122247
"ENSG00000154265",17.70738847
"ENSG00000114770",16.66480466
"ENSG00000033050",5.885038268
"ENSG00000163995",11.17970443
"ENSG00000151498",6.182317979
"ENSG00000115361",1.516936095
"ENSG00000097021",23.66810416
"ENSG00000143727",25.21077537
"ENSG00000131966",37.68326553
"ENSG00000115073",15.98287523
"ENSG00000133627",12.76717786
"ENSG00000135503",7.481893601
"ENSG00000121989",15.41642418
"ENSG00000119640",35.70792674
"ENSG00000008277",24.5036054
"ENSG00000114948",34.39143673
"ENSG00000049192",2.886145248
"ENSG00000185736",41.65484325
"ENSG00000164742",9.477656844
"ENSG00000141433",3.269561776
"ENSG00000075340",9.932374418
"ENSG00000170214",8.026691378
"ENSG00000150594",2.629069902
"ENSG00000100077",25.46319091
"ENSG00000139154",56.24769695
"ENSG00000196526",5.695826169
"ENSG00000144218",18.05593843
"ENSG00000186094",54.48324975
"ENSG00000135541",195.6742125
"ENSG00000196581",3.311550009
"ENSG00000023516",29.81762912
"ENSG00000179841",4.318752888
"ENSG00000136010",3.412556373
"ENSG00000112294",10.09854956
"ENSG00000149925",81.30396313
"ENSG00000171094",7.171539298
"ENSG00000003393",8.721203983
"ENSG00000181754",5.0047772
"ENSG00000116337",7.338140911
"ENSG00000078053",34.47413552
"ENSG00000129055",26.24377133
"ENSG00000053900",11.09475367
"ENSG00000196510",14.56642064
"ENSG00000029534",3.136737314
"ENSG00000106524",18.47411371
"ENSG00000118454",21.58733999
"ENSG00000172014",2.860100073
"ENSG00000107890",39.54844433
"ENSG00000180777",7.487257217
"ENSG00000163046",25.66465909
"ENSG00000135976",32.02343941
"ENSG00000186106",17.27884729
"ENSG00000151458",7.346136934
"ENSG00000100124",5.530404071
"ENSG00000164512",10.46938849
"ENSG00000185046",96.2306883
"ENSG00000134343",16.08996178
"ENSG00000171714",25.44651819
"ENSG00000197043",10.91546964
"ENSG00000213983",11.24629347
"ENSG00000106367",26.46105754
"ENSG00000182287",33.52298622
"ENSG00000006125",24.28777223
"ENSG00000042753",28.67342184
"ENSG00000103723",12.97008058
"ENSG00000070718",18.31322158
"ENSG00000134262",8.315538224
"ENSG00000034053",16.67234439
"ENSG00000084234",64.50957525
"ENSG00000066777",12.69914839
"ENSG00000081181",17.28331583
"ENSG00000137727",15.22816002
"ENSG00000006740",12.4081458
"ENSG00000240771",8.930260716
"ENSG00000163947",25.27872147
"ENSG00000131089",23.66692759
"ENSG00000032219",37.03272738
"ENSG00000120805",16.4247356
"ENSG00000188042",50.45716393
"ENSG00000175906",11.14779418
"ENSG00000113966",25.18038775
"ENSG00000134108",47.0319032
"ENSG00000196503",3.987837592
"ENSG00000114098",14.9488131
"ENSG00000126947",18.10665439
"ENSG00000184867",12.10553909
"ENSG00000102401",38.13005278
"ENSG00000196440",7.091109778
"ENSG00000172379",36.26113467
"ENSG00000133794",8.699213952
"ENSG00000029153",7.693242832
"ENSG00000136950",15.53746114
"ENSG00000128989",76.25462092
"ENSG00000172995",57.71019141
"ENSG00000173409",27.70986731
"ENSG00000004848",10.81798983
"ENSG00000070669",43.76825725
"ENSG00000138381",27.37574992
"ENSG00000128203",6.331712655
"ENSG00000141431",6.806928526
"ENSG00000138138",24.60167037
"ENSG00000167654",26.88252136
"ENSG00000115966",28.9824283
"ENSG00000085978",7.613579181
"ENSG00000198513",51.95142558
"ENSG00000166454",11.09812734
"ENSG00000163399",57.51507625
"ENSG00000105409",26.93135571
"ENSG00000143153",396.1587725
"ENSG00000174437",36.40051242
"ENSG00000070961",96.97306815
"ENSG00000157087",36.10411038
"ENSG00000067842",4.923394478
"ENSG00000152234",66.66463306
"ENSG00000110955",218.9628472
"ENSG00000116459",38.76684449
"ENSG00000159199",43.41314461
"ENSG00000154518",33.66940884
"ENSG00000167863",53.71931992
"ENSG00000154723",105.8268869
"ENSG00000182220",108.7320869
"ENSG00000033627",32.66241036
"ENSG00000117410",58.06053581
"ENSG00000171130",31.4238903
"ENSG00000114573",79.65732275
"ENSG00000155097",28.28134721
"ENSG00000100554",41.83228485
"ENSG00000131100",58.98684804
"ENSG00000128524",177.2914077
"ENSG00000047249",39.32892903
"ENSG00000132932",29.4401864
"ENSG00000130770",133.6344082
"ENSG00000107518",77.2295996
"ENSG00000085224",48.95494464
"ENSG00000130638",35.77944673
"ENSG00000253719",34.48086029
"ENSG00000119986",13.13774656
"ENSG00000163512",15.0139868
"ENSG00000169255",17.72106204
"ENSG00000162630",29.91533878
"ENSG00000135454",5.161353165
"ENSG00000158470",13.31912929
"ENSG00000118276",23.23915001
"ENSG00000002330",14.06963529
"ENSG00000156735",46.45579348
"ENSG00000175866",6.922040997
"ENSG00000176788",176.1577475
"ENSG00000138686",23.11738036
"ENSG00000119866",22.20838961
"ENSG00000127152",5.540192556
"ENSG00000110987",3.798434759
"ENSG00000126581",5.817629128
"ENSG00000188848",2.337241248
"ENSG00000151917",13.98555773
"ENSG00000133169",588.5258708
"ENSG00000133134",284.0277086
"ENSG00000102409",234.3279127
"ENSG00000184515",116.3402294
"ENSG00000198908",9.084481042
"ENSG00000134897",8.32116018
"ENSG00000166619",53.60990761
"ENSG00000196072",29.67639543
"ENSG00000106605",15.38104217
"ENSG00000164619",18.81239932
"ENSG00000176171",44.11402984
"ENSG00000163170",12.1976436
"ENSG00000185515",10.00148726
"ENSG00000104221",2.514295392
"ENSG00000254999",107.8116288
"ENSG00000185658",23.59300461
"ENSG00000164061",7.375907177
"ENSG00000148925",33.94011869
"ENSG00000151136",10.53358892
"ENSG00000134717",14.34139314
"ENSG00000166167",18.98438117
"ENSG00000136261",15.17317015
"ENSG00000171224",30.36842436
"ENSG00000110696",20.71315592
"ENSG00000109944",3.18563002
"ENSG00000166352",15.16100501
"ENSG00000173715",18.65703735
"ENSG00000185742",17.5881899
"ENSG00000133641",5.92748859
"ENSG00000047621",10.70659551
"ENSG00000133935",16.53355042
"ENSG00000156411",128.640334
"ENSG00000166780",44.01472554
"ENSG00000185716",14.66234572
"ENSG00000152242",8.475615573
"ENSG00000131943",10.25702633
"ENSG00000162817",14.11005141
"ENSG00000142686",14.20596675
"ENSG00000203724",4.135499823
"ENSG00000108561",22.2416767
"ENSG00000165985",1.702875399
"ENSG00000178074",13.36261868
"ENSG00000188674",44.39183213
"ENSG00000114405",32.2773133
"ENSG00000174928",8.892232487
"ENSG00000180044",4.789748961
"ENSG00000197603",14.37340893
"ENSG00000186577",22.9055558
"ENSG00000130349",11.3066901
"ENSG00000165084",12.13703357
"ENSG00000154975",34.45798836
"ENSG00000063180",45.77727241
"ENSG00000157782",31.41221841
"ENSG00000141837",25.28310679
"ENSG00000148408",25.35588496
"ENSG00000151067",17.49176235
"ENSG00000157388",13.83834576
"ENSG00000198216",9.913239644
"ENSG00000153956",37.5804838
"ENSG00000007402",2.343387349
"ENSG00000157445",62.53858901
"ENSG00000182389",24.87498929
"ENSG00000166862",18.67625991
"ENSG00000006116",43.7746782
"ENSG00000142408",14.82633311
"ENSG00000116161",26.76473071
"ENSG00000162706",27.62916434
"ENSG00000163618",43.82835507
"ENSG00000081803",30.50860037
"ENSG00000104327",8.799483381
"ENSG00000172137",44.66290793
"ENSG00000198668",280.7496413
"ENSG00000143933",324.2680251
"ENSG00000160014",89.28676003
"ENSG00000134072",17.27170418
"ENSG00000008118",15.3962727
"ENSG00000070808",47.17354232
"ENSG00000058404",28.1701075
"ENSG00000145349",41.00195622
"ENSG00000162545",166.9331681
"ENSG00000163888",15.34136356
"ENSG00000152495",17.70406767
"ENSG00000004660",7.015340899
"ENSG00000110931",12.69223759
"ENSG00000164076",46.87353537
"ENSG00000164615",39.21088691
"ENSG00000130559",6.792346854
"ENSG00000118200",35.13142562
"ENSG00000108509",5.94498527
"ENSG00000111530",14.13354357
"ENSG00000112186",91.24347633
"ENSG00000110888",21.58525306
"ENSG00000147044",10.40755477
"ENSG00000143318",3.72210095
"ENSG00000141668",26.52223355
"ENSG00000054803",15.64604918
"ENSG00000171097",11.80834918
"ENSG00000103021",3.19755121
"ENSG00000136710",11.29230091
"ENSG00000128596",15.17001511
"ENSG00000175455",9.988571147
"ENSG00000024862",38.98299463
"ENSG00000109881",5.307949983
"ENSG00000108091",11.89340096
"ENSG00000139537",18.31993148
"ENSG00000180376",15.13654429
"ENSG00000187094",374.0767742
"ENSG00000110148",5.046112357
"ENSG00000133101",4.690070667
"ENSG00000118971",29.59940351
"ENSG00000138764",12.60655939
"ENSG00000118816",97.00089054
"ENSG00000260916",14.4241762
"ENSG00000163468",23.76083669
"ENSG00000146731",30.41629041
"ENSG00000156261",41.93126674
"ENSG00000091972",57.3186373
"ENSG00000196776",57.30745503
"ENSG00000102181",15.50618584
"ENSG00000101224",13.02910139
"ENSG00000106993",12.5538017
"ENSG00000168438",15.68622657
"ENSG00000070831",55.19825476
"ENSG00000097046",9.61889381
"ENSG00000144354",1.906895589
"ENSG00000040731",76.6096089
"ENSG00000154162",59.03868081
"ENSG00000140945",47.07977373
"ENSG00000145526",77.38645
"ENSG00000081138",8.671522712
"ENSG00000150394",14.36057974
"ENSG00000113100",78.89829154
"ENSG00000058091",42.73437349
"ENSG00000156345",3.082063541
"ENSG00000164885",12.40334157
"ENSG00000176749",36.44718579
"ENSG00000132964",19.7314011
"ENSG00000138769",27.65618511
"ENSG00000008086",43.15314086
"ENSG00000129355",25.81273835
"ENSG00000100526",2.579912446
"ENSG00000129596",32.50368907
"ENSG00000064309",2.619789474
"ENSG00000140743",12.65601364
"ENSG00000101290",16.0800514
"ENSG00000048740",119.2140106
"ENSG00000159409",7.616704415
"ENSG00000101489",51.58668574
"ENSG00000161082",20.97545599
"ENSG00000166582",11.67208502
"ENSG00000198707",17.63550352
"ENSG00000166037",13.7616485
"ENSG00000114107",10.36159642
"ENSG00000139624",16.27369312
"ENSG00000172292",29.28549971
"ENSG00000172824",20.67706157
"ENSG00000147400",22.70901079
"ENSG00000138028",4.459492169
"ENSG00000172586",17.64160563
"ENSG00000159685",14.09412343
"ENSG00000100888",8.45789446
"ENSG00000100604",25.81516051
"ENSG00000089199",33.81676092
"ENSG00000134121",53.19646969
"ENSG00000188419",12.50787876
"ENSG00000128656",267.0674734
"ENSG00000133019",31.81660213
"ENSG00000120903",2.1664279
"ENSG00000147434",5.115693785
"ENSG00000175344",2.87021808
"ENSG00000160716",2.201337064
"ENSG00000147432",2.625737177
"ENSG00000144021",17.84294102
"ENSG00000122873",43.38064883
"ENSG00000145354",17.75902904
"ENSG00000122966",17.8446538
"ENSG00000175216",20.36869874
"ENSG00000223572",16.75036828
"ENSG00000237289",39.10035604
"ENSG00000153132",3.069880334
"ENSG00000105270",48.64985876
"ENSG00000113240",20.99979301
"ENSG00000134852",10.73860557
"ENSG00000171603",57.5206029
"ENSG00000158258",12.78626423
"ENSG00000139182",16.74399634
"ENSG00000175416",30.486955
"ENSG00000141367",40.14697777
"ENSG00000103351",10.20614457
"ENSG00000177182",15.2244552
"ENSG00000146352",8.896673007
"ENSG00000111726",58.78661922
"ENSG00000183723",8.01458252
"ENSG00000174871",9.043162379
"ENSG00000149970",41.0803056
"ENSG00000119946",11.5060811
"ENSG00000198791",15.0027807
"ENSG00000118432",62.50192755
"ENSG00000119865",39.52181453
"ENSG00000018236",82.97883322
"ENSG00000113805",36.99765761
"ENSG00000144619",46.70200675
"ENSG00000149972",60.07589801
"ENSG00000134115",8.085153232
"ENSG00000108797",9.346225426
"ENSG00000174469",241.0273129
"ENSG00000155052",57.26188188
"ENSG00000100473",12.00841581
"ENSG00000166685",9.5048692
"ENSG00000133103",11.23615584
"ENSG00000124749",7.526125476
"ENSG00000188517",7.093675222
"ENSG00000206561",6.542224936
"ENSG00000149600",21.57365257
"ENSG00000110442",9.564067641
"ENSG00000141030",24.35582086
"ENSG00000138663",28.60453443
"ENSG00000168090",32.80149597
"ENSG00000111652",17.11599406
"ENSG00000198612",24.99332203
"ENSG00000111481",11.47546009
"ENSG00000132423",16.66769287
"ENSG00000119723",4.135567547
"ENSG00000167549",27.31754054
"ENSG00000178741",70.71197948
"ENSG00000126267",160.273968
"ENSG00000164919",94.58402805
"ENSG00000115944",31.30363692
"ENSG00000131174",73.46980619
"ENSG00000127184",254.5944715
"ENSG00000145920",14.41431854
"ENSG00000196353",21.72044532
"ENSG00000124772",10.1022355
"ENSG00000169169",10.07008917
"ENSG00000113851",25.39374243
"ENSG00000175874",27.77691861
"ENSG00000147571",39.52493237
"ENSG00000145708",13.82038751
"ENSG00000088766",7.886746991
"ENSG00000072832",17.78259616
"ENSG00000095713",8.394662235
"ENSG00000103316",29.48024128
"ENSG00000139631",18.80067906
"ENSG00000183117",103.8211776
"ENSG00000164796",28.0995646
"ENSG00000104218",19.49101194
"ENSG00000110925",14.30180756
"ENSG00000178662",30.91909458
"ENSG00000101811",11.70456681
"ENSG00000176102",54.55832582
"ENSG00000119326",31.72184534
"ENSG00000107874",32.350441
"ENSG00000153015",25.60393626
"ENSG00000145824",288.0264255
"ENSG00000168772",9.031143898
"ENSG00000008283",6.14900299
"ENSG00000172115",52.86713598
"ENSG00000055163",33.74606406
"ENSG00000138115",4.440079015
"ENSG00000130649",1.728331996
"ENSG00000186377",23.91309201
"ENSG00000173406",44.51783576
"ENSG00000126733",3.913103223
"ENSG00000143164",23.94162175
"ENSG00000187323",27.61248361
"ENSG00000133083",61.02054235
"ENSG00000198924",2.449405216
"ENSG00000137692",30.17294668
"ENSG00000077279",9.631218874
"ENSG00000085788",10.75932939
"ENSG00000198171",32.71876936
"ENSG00000079785",39.34538035
"ENSG00000178105",11.33305403
"ENSG00000089737",48.66287655
"ENSG00000109832",13.48025237
"ENSG00000177030",8.335675863
"ENSG00000170456",16.33067068
"ENSG00000070413",9.080839117
"ENSG00000136267",44.23782455
"ENSG00000157680",17.25960516
"ENSG00000114956",35.8417517
"ENSG00000117682",7.885824533
"ENSG00000095059",14.78205861
"ENSG00000174953",17.00753248
"ENSG00000176490",13.59727284
"ENSG00000165023",35.47273075
"ENSG00000162595",18.32257975
"ENSG00000082458",6.522552786
"ENSG00000170579",117.3330896
"ENSG00000198010",13.1007718
"ENSG00000144355",18.64609251
"ENSG00000115844",3.27579808
"ENSG00000105880",7.469822789
"ENSG00000006377",5.756260151
"ENSG00000198947",35.10774887
"ENSG00000104093",19.08620008
"ENSG00000115423",4.300491957
"ENSG00000069345",21.70459716
"ENSG00000140403",15.97316761
"ENSG00000164031",12.59614161
"ENSG00000108176",19.98816561
"ENSG00000205981",20.88424717
"ENSG00000187957",85.31457645
"ENSG00000106976",56.10483317
"ENSG00000087470",35.98706913
"ENSG00000149927",6.603712875
"ENSG00000206052",18.9612762
"ENSG00000083097",17.70513514
"ENSG00000166171",7.67290109
"ENSG00000136908",6.912573274
"ENSG00000130226",46.36419503
"ENSG00000173852",11.81786292
"ENSG00000177990",18.53830127
"ENSG00000102385",5.597314837
"ENSG00000171587",42.64504253
"ENSG00000133059",10.19473386
"ENSG00000104047",17.21944575
"ENSG00000081721",16.13455317
"ENSG00000133878",17.7629901
"ENSG00000197102",24.37290383
"ENSG00000158560",58.92465071
"ENSG00000144635",14.84452444
"ENSG00000088986",254.6816757
"ENSG00000125971",46.2874546
"ENSG00000089091",4.804063127
"ENSG00000134874",11.5119585
"ENSG00000198919",33.94237505
"ENSG00000144597",15.83145592
"ENSG00000129518",32.37469321
"ENSG00000117395",11.1080593
"ENSG00000147155",17.74753039
"ENSG00000186976",3.358018942
"ENSG00000203965",13.5495369
"ENSG00000184349",45.92322224
"ENSG00000108947",10.54561804
"ENSG00000132294",31.32990049
"ENSG00000198759",2.400142346
"ENSG00000013016",8.068999783
"ENSG00000255302",125.5370243
"ENSG00000176396",5.83501409
"ENSG00000176401",6.730914606
"ENSG00000173674",25.23659401
"ENSG00000114784",96.09702299
"ENSG00000145191",11.98916123
"ENSG00000156976",315.3708463
"ENSG00000163412",5.947887121
"ENSG00000107105",39.02802268
"ENSG00000162374",30.01556585
"ENSG00000110675",27.52752052
"ENSG00000118402",23.54352888
"ENSG00000170522",7.421645514
"ENSG00000134759",15.2308957
"ENSG00000165521",6.934883556
"ENSG00000214595",14.94061509
"ENSG00000171617",97.99154449
"ENSG00000112796",14.33223855
"ENSG00000168032",29.63834675
"ENSG00000120533",13.52660239
"ENSG00000088367",19.28521691
"ENSG00000095203",12.10974982
"ENSG00000086289",25.85307122
"ENSG00000116106",37.03306608
"ENSG00000145242",15.51243036
"ENSG00000080224",38.82602527
"ENSG00000135333",10.59401876
"ENSG00000172031",13.71787439
"ENSG00000178567",21.1695687
"ENSG00000138018",8.905982756
"ENSG00000178568",101.4824402
"ENSG00000187672",62.31135618
"ENSG00000158220",1.544828104
"ENSG00000223496",17.35012119
"ENSG00000182197",20.53395325
"ENSG00000162694",15.80462428
"ENSG00000158161",11.84527762
"ENSG00000112319",3.964091229
"ENSG00000165591",12.77119811
"ENSG00000121769",63.88604553
"ENSG00000135472",41.64454326
"ENSG00000133193",17.06214132
"ENSG00000169122",27.36839932
"ENSG00000155744",11.99673307
"ENSG00000179083",5.906203879
"ENSG00000144567",15.68417957
"ENSG00000147724",7.066563845
"ENSG00000204442",550.9941496
"ENSG00000156050",2.905972479
"ENSG00000152102",17.53085149
"ENSG00000198780",19.92313746
"ENSG00000165660",10.07241055
"ENSG00000183662",104.9751807
"ENSG00000198673",35.41755443
"ENSG00000116199",8.451930721
"ENSG00000204856",18.79353734
"ENSG00000196937",29.4707841
"ENSG00000197872",48.67858245
"ENSG00000111913",14.94738223
"ENSG00000165716",8.296134911
"ENSG00000157470",10.74444304
"ENSG00000179115",18.78191506
"ENSG00000116120",30.89039851
"ENSG00000138399",18.83882763
"ENSG00000118246",13.19571421
"ENSG00000146267",7.142374592
"ENSG00000144152",2.585033726
"ENSG00000127585",14.16015326
"ENSG00000145743",29.93876369
"ENSG00000153558",15.22133872
"ENSG00000108306",35.81483012
"ENSG00000214050",14.24299569
"ENSG00000135108",23.24470212
"ENSG00000110429",9.000309225
"ENSG00000178974",21.41255751
"ENSG00000132879",23.6626081
"ENSG00000112146",13.03504108
"ENSG00000109670",57.60707319
"ENSG00000114279",143.8177193
"ENSG00000129682",35.84615697
"ENSG00000102466",240.3736827
"ENSG00000102678",11.57896281
"ENSG00000091483",15.3879551
"ENSG00000022267",46.75958778
"ENSG00000134775",9.165502727
"ENSG00000172500",15.77749797
"ENSG00000119782",15.44921595
"ENSG00000100442",70.95321333
"ENSG00000125848",12.09926578
"ENSG00000137942",29.65675033
"ENSG00000115226",16.35086083
"ENSG00000160097",9.158108549
"ENSG00000138759",6.180005442
"ENSG00000164946",2.853328654
"ENSG00000070601",1.825441414
"ENSG00000169933",50.14740312
"ENSG00000053108",18.34963371
"ENSG00000168843",51.58061618
"ENSG00000140718",21.69050494
"ENSG00000104290",15.45289518
"ENSG00000138757",36.03265858
"ENSG00000139112",43.31670736
"ENSG00000034713",99.31260626
"ENSG00000136928",77.43518308
"ENSG00000022355",126.2957882
"ENSG00000011677",15.49034863
"ENSG00000109158",14.91740406
"ENSG00000186297",17.53929746
"ENSG00000145864",83.87092148
"ENSG00000166206",46.19100947
"ENSG00000113327",95.49880818
"ENSG00000182256",60.85405989
"ENSG00000128683",81.27852717
"ENSG00000136750",38.9873879
"ENSG00000178234",14.21712936
"ENSG00000158089",7.337232286
"ENSG00000174473",35.2285717
"ENSG00000172020",130.6171791
"ENSG00000111640",328.730609
"ENSG00000119125",19.14299495
"ENSG00000104381",94.31175444
"ENSG00000124194",11.51176317
"ENSG00000203879",39.0322702
"ENSG00000153982",19.66567067
"ENSG00000168827",8.307430607
"ENSG00000164347",13.40228878
"ENSG00000145990",10.22947483
"ENSG00000198380",9.452563343
"ENSG00000006625",19.05316538
"ENSG00000137563",12.8711927
"ENSG00000165678",99.93452909
"ENSG00000106415",13.18863204
"ENSG00000174842",28.52144373
"ENSG00000167699",13.61454585
"ENSG00000101958",9.352967262
"ENSG00000145451",3.221823328
"ENSG00000109738",54.52345266
"ENSG00000023572",12.62863096
"ENSG00000115419",55.13769765
"ENSG00000135423",19.2093637
"ENSG00000151948",7.740491262
"ENSG00000016864",15.67398911
"ENSG00000087338",12.46189745
"ENSG00000197045",14.37562209
"ENSG00000141404",11.90745702
"ENSG00000087460",184.9363498
"ENSG00000069966",14.57085929
"ENSG00000186469",22.55403458
"ENSG00000162188",227.7035874
"ENSG00000163281",6.382337837
"ENSG00000111670",17.55011632
"ENSG00000155265",13.81557342
"ENSG00000175265",34.50636904
"ENSG00000215252",41.31497385
"ENSG00000135052",26.81479984
"ENSG00000111711",30.67915492
"ENSG00000120053",76.98393435
"ENSG00000125166",26.29008524
"ENSG00000092978",9.337955011
"ENSG00000186566",24.66824166
"ENSG00000171723",74.9739889
"ENSG00000105220",28.93624699
"ENSG00000112293",11.45108405
"ENSG00000132975",4.215585377
"ENSG00000180998",16.25688388
"ENSG00000174948",4.893475264
"ENSG00000163328",28.43279938
"ENSG00000151025",24.72004292
"ENSG00000172209",41.58718949
"ENSG00000123901",7.163925287
"ENSG00000167468",61.52725832
"ENSG00000115290",8.253739741
"ENSG00000180875",4.849108994
"ENSG00000155511",55.6019627
"ENSG00000120251",182.525172
"ENSG00000125675",70.28056667
"ENSG00000152578",55.33379378
"ENSG00000171189",118.6760691
"ENSG00000164418",112.8424365
"ENSG00000163873",4.203953765
"ENSG00000105737",4.992021402
"ENSG00000183454",58.95777
"ENSG00000198785",12.20316368
"ENSG00000155974",30.09124882
"ENSG00000068400",12.47737127
"ENSG00000125388",7.919995078
"ENSG00000152822",15.30945278
"ENSG00000168959",60.92191836
"ENSG00000196277",48.4879647
"ENSG00000170899",77.55163382
"ENSG00000111358",7.960396224
"ENSG00000122034",26.49492738
"ENSG00000152402",12.19826486
"ENSG00000061918",53.6187888
"ENSG00000144366",6.241196092
"ENSG00000197465",3.475375715
"ENSG00000085382",10.97095049
"ENSG00000131373",17.83328818
"ENSG00000063854",12.29310539
"ENSG00000145681",5.080277247
"ENSG00000170445",11.25928212
"ENSG00000164588",49.87990559
"ENSG00000165259",5.418139
"ENSG00000002746",12.44653557
"ENSG00000103657",29.06757165
"ENSG00000169567",159.7447992
"ENSG00000197061",165.6617762
"ENSG00000010818",24.51319294
"ENSG00000156515",15.29481486
"ENSG00000071794",27.3407583
"ENSG00000029993",4.529746565
"ENSG00000146151",11.01743417
"ENSG00000113161",17.79157149
"ENSG00000118418",685.8072725
"ENSG00000182952",25.10192318
"ENSG00000189159",17.77636818
"ENSG00000126945",19.41701381
"ENSG00000152413",41.80727037
"ENSG00000134709",11.69915542
"ENSG00000116983",21.30152915
"ENSG00000165704",93.90497878
"ENSG00000127252",6.61346237
"ENSG00000122254",13.24274635
"ENSG00000171004",5.647535091
"ENSG00000185352",353.4374826
"ENSG00000230989",27.99175452
"ENSG00000103160",10.63043122
"ENSG00000025156",26.73729249
"ENSG00000080824",498.4315718
"ENSG00000096384",469.8576032
"ENSG00000155304",24.27204781
"ENSG00000164070",9.79507541
"ENSG00000109971",459.2785924
"ENSG00000169271",22.88753449
"ENSG00000120694",120.1105488
"ENSG00000102241",28.8307827
"ENSG00000168830",21.22915327
"ENSG00000102468",17.54182681
"ENSG00000147246",9.433764221
"ENSG00000157219",5.742896509
"ENSG00000142149",4.249242506
"ENSG00000198331",8.24732546
"ENSG00000134330",14.08420189
"ENSG00000003147",37.91941284
"ENSG00000163596",24.45052436
"ENSG00000116237",4.103588905
"ENSG00000067829",14.14539057
"ENSG00000010404",73.38136748
"ENSG00000114446",14.28406497
"ENSG00000017427",12.91260379
"ENSG00000143061",3.147081588
"ENSG00000113141",19.68317167
"ENSG00000070061",17.56546292
"ENSG00000081985",3.246414529
"ENSG00000189108",44.29346217
"ENSG00000132305",21.13302007
"ENSG00000148798",47.83895591
"ENSG00000132849",9.02793289
"ENSG00000040933",11.87255
"ENSG00000198825",75.14915416
"ENSG00000164941",6.573666496
"ENSG00000065150",14.79347512
"ENSG00000205339",13.57396271
"ENSG00000135070",26.57248727
"ENSG00000136003",49.22072415
"ENSG00000129636",46.41374152
"ENSG00000119185",15.57115028
"ENSG00000198542",3.423637387
"ENSG00000150995",18.9737164
"ENSG00000152969",17.5611979
"ENSG00000152409",8.574790587
"ENSG00000104369",9.823430033
"ENSG00000092051",15.48440204
"ENSG00000160145",28.50680627
"ENSG00000189337",22.95635466
"ENSG00000111262",3.885915337
"ENSG00000182255",3.562890256
"ENSG00000169282",30.43144885
"ENSG00000069424",7.721013166
"ENSG00000158445",14.50199482
"ENSG00000129159",6.291169977
"ENSG00000166006",81.8616019
"ENSG00000184408",59.15907745
"ENSG00000171385",8.993319467
"ENSG00000143473",71.38969076
"ENSG00000140015",17.07797427
"ENSG00000184611",61.44197511
"ENSG00000182132",38.89419517
"ENSG00000120049",19.86170692
"ENSG00000185774",1082.347723
"ENSG00000162989",37.26018058
"ENSG00000157542",5.349868657
"ENSG00000135750",33.86382208
"ENSG00000156113",30.51728689
"ENSG00000197584",8.408301875
"ENSG00000080709",15.39099324
"ENSG00000185760",110.64831
"ENSG00000162687",24.62433977
"ENSG00000164794",5.752913555
"ENSG00000134504",13.61187812
"ENSG00000183775",30.82018498
"ENSG00000135314",7.828039337
"ENSG00000112232",244.3172005
"ENSG00000135709",8.241890429
"ENSG00000198920",7.145337103
"ENSG00000185261",8.843923825
"ENSG00000132680",14.35161197
"ENSG00000169330",2.739014737
"ENSG00000069712",67.6123267
"ENSG00000122203",16.2627522
"ENSG00000109265",12.82111682
"ENSG00000120549",32.57673507
"ENSG00000116299",6.114065605
"ENSG00000168116",12.26292483
"ENSG00000138944",2.286658511
"ENSG00000144320",8.818567302
"ENSG00000162929",7.531889253
"ENSG00000050030",7.131867116
"ENSG00000130294",19.22139311
"ENSG00000139116",41.45291173
"ENSG00000131437",55.56835023
"ENSG00000101350",11.78509863
"ENSG00000084731",18.28097058
"ENSG00000075945",66.11206342
"ENSG00000157404",39.27121734
"ENSG00000256500",123.8229999
"ENSG00000128607",18.60710121
"ENSG00000165516",33.16913249
"ENSG00000124702",33.06398733
"ENSG00000003096",5.371095301
"ENSG00000119771",5.55717322
"ENSG00000122550",13.60069551
"ENSG00000117009",4.558702594
"ENSG00000171435",8.52004484
"ENSG00000198910",4.75130439
"ENSG00000087299",10.51250695
"ENSG00000100395",4.045117171
"ENSG00000125869",32.74344979
"ENSG00000109270",13.24745849
"ENSG00000104341",23.37009359
"ENSG00000133424",25.53628695
"ENSG00000155506",21.08689328
"ENSG00000138709",17.06609349
"ENSG00000161813",11.37099994
"ENSG00000001497",8.354270136
"ENSG00000205629",22.85988703
"ENSG00000169744",81.77623254
"ENSG00000182195",27.08786087
"ENSG00000188636",4.948357317
"ENSG00000166477",21.31076581
"ENSG00000104660",11.28100407
"ENSG00000153012",4.703038515
"ENSG00000156959",27.94398705
"ENSG00000106852",4.075107486
"ENSG00000111052",11.93662403
"ENSG00000148943",15.501549
"ENSG00000174482",135.2918557
"ENSG00000164187",14.01980602
"ENSG00000143013",36.71787839
"ENSG00000136153",9.593326333
"ENSG00000164715",12.09882193
"ENSG00000072201",14.84937671
"ENSG00000170500",19.09052786
"ENSG00000176454",28.84793383
"ENSG00000130224",9.854598461
"ENSG00000165379",53.18667211
"ENSG00000120256",15.73261664
"ENSG00000147650",6.374583345
"ENSG00000138095",18.80959151
"ENSG00000163827",3.866500039
"ENSG00000122477",24.64763045
"ENSG00000066557",20.88673698
"ENSG00000130764",10.70499327
"ENSG00000137821",18.5822163
"ENSG00000148948",117.1845383
"ENSG00000129295",30.58744173
"ENSG00000033122",45.2323066
"ENSG00000197147",27.04820187
"ENSG00000170382",4.867561746
"ENSG00000173114",32.32752262
"ENSG00000162951",2.569940232
"ENSG00000146006",27.93177985
"ENSG00000176204",291.0339014
"ENSG00000181817",14.27772349
"ENSG00000108848",177.7825025
"ENSG00000187398",16.15572483
"ENSG00000144214",4.1170537
"ENSG00000159871",2.401109642
"ENSG00000150556",6.249440433
"ENSG00000102897",7.644012167
"ENSG00000186687",9.49195103
"ENSG00000140280",21.83883857
"ENSG00000163818",6.586233988
"ENSG00000172264",34.51570938
"ENSG00000110514",12.28611188
"ENSG00000179222",34.73905936
"ENSG00000198934",19.22825972
"ENSG00000254585",2.897178111
"ENSG00000151276",36.43354629
"ENSG00000198162",28.81130575
"ENSG00000166963",25.51292484
"ENSG00000131711",204.6401617
"ENSG00000140941",40.38839985
"ENSG00000171471",13.31496552
"ENSG00000078018",96.92149903
"ENSG00000065559",37.40903984
"ENSG00000073803",13.06414329
"ENSG00000006432",3.381804041
"ENSG00000171533",16.30082596
"ENSG00000184368",28.46052045
"ENSG00000164114",12.92154724
"ENSG00000107643",15.72116911
"ENSG00000050748",16.73935642
"ENSG00000084764",16.20362158
"ENSG00000116141",28.80485327
"ENSG00000012174",5.849172385
"ENSG00000101977",8.510136441
"ENSG00000180398",14.02665669
"ENSG00000152034",11.53329745
"ENSG00000232119",18.44044414
"ENSG00000139915",64.57386923
"ENSG00000014641",127.2622367
"ENSG00000138400",3.200149067
"ENSG00000151376",19.66753425
"ENSG00000133398",30.68515192
"ENSG00000156603",12.95045251
"ENSG00000112282",15.08204274
"ENSG00000136146",26.66327009
"ENSG00000159479",10.32168741
"ENSG00000206562",5.79267666
"ENSG00000140259",16.2226933
"ENSG00000174514",11.97958751
"ENSG00000133816",11.05548243
"ENSG00000107745",40.5249443
"ENSG00000080561",4.439125887
"ENSG00000125863",13.85136401
"ENSG00000133606",16.12815103
"ENSG00000075975",9.898921502
"ENSG00000089693",32.87589678
"ENSG00000146147",19.83405022
"ENSG00000213190",88.8686333
"ENSG00000171843",23.16554145
"ENSG00000156103",22.26789972
"ENSG00000020426",68.30985823
"ENSG00000138587",10.66253452
"ENSG00000165943",61.82502102
"ENSG00000115540",5.550373205
"ENSG00000164172",15.14825279
"ENSG00000185787",52.34924532
"ENSG00000123562",115.3610432
"ENSG00000188010",19.60981334
"ENSG00000171160",15.20481823
"ENSG00000101928",6.634442484
"ENSG00000135698",30.12894797
"ENSG00000196199",70.98628317
"ENSG00000051825",9.57519491
"ENSG00000105926",17.68584409
"ENSG00000115204",19.51301954
"ENSG00000135324",16.07408266
"ENSG00000118242",6.289094755
"ENSG00000179010",97.92496285
"ENSG00000178988",39.1451982
"ENSG00000137547",25.87977622
"ENSG00000158042",7.382087794
"ENSG00000242485",26.23075163
"ENSG00000243147",61.1026336
"ENSG00000130312",19.16596952
"ENSG00000132313",12.50168709
"ENSG00000116221",8.400606973
"ENSG00000182154",70.2624155
"ENSG00000259494",6.150474791
"ENSG00000111639",48.50122933
"ENSG00000162910",26.88837492
"ENSG00000116898",11.26570422
"ENSG00000122140",4.900210973
"ENSG00000187145",110.9181443
"ENSG00000181610",22.36711158
"ENSG00000125901",32.13831523
"ENSG00000113048",8.055772409
"ENSG00000112996",6.626406072
"ENSG00000061794",23.33780745
"ENSG00000125445",13.31506638
"ENSG00000135972",32.40652735
"ENSG00000053372",4.958960876
"ENSG00000095002",23.17493057
"ENSG00000175806",63.85170824
"ENSG00000057935",10.70281687
"ENSG00000143033",18.22438715
"ENSG00000150712",9.531949732
"ENSG00000108389",12.78140056
"ENSG00000104643",10.73025412
"ENSG00000107951",11.61530605
"ENSG00000132938",40.02904141
"ENSG00000128654",57.74727623
"ENSG00000005810",46.09357413
"ENSG00000134323",2.215079307
"ENSG00000104177",16.49347909
"ENSG00000133026",24.63777376
"ENSG00000196465",15.8081019
"ENSG00000041515",12.10125383
"ENSG00000197535",32.47495368
"ENSG00000167306",1.588959656
"ENSG00000162601",16.34190551
"ENSG00000186487",45.6111708
"ENSG00000204899",17.61153086
"ENSG00000139597",14.26114691
"ENSG00000135040",18.40322466
"ENSG00000077616",16.46671815
"ENSG00000159593",26.56461355
"ENSG00000103174",8.41718182
"ENSG00000187109",42.76295806
"ENSG00000186462",51.70365976
"ENSG00000186310",105.9720041
"ENSG00000177432",69.83271124
"ENSG00000125814",57.19616268
"ENSG00000134265",24.5002227
"ENSG00000134440",51.55510117
"ENSG00000090971",10.66884559
"ENSG00000151779",16.58592092
"ENSG00000172915",58.90452736
"ENSG00000104490",44.12121113
"ENSG00000020129",26.50435026
"ENSG00000144959",24.20013809
"ENSG00000061676",23.88544192
"ENSG00000131507",60.00460816
"ENSG00000102471",28.43871998
"ENSG00000182636",34.81181623
"ENSG00000101079",45.95811058
"ENSG00000103034",57.50230721
"ENSG00000164100",17.89891741
"ENSG00000138653",2.562182042
"ENSG00000125356",221.2634978
"ENSG00000130414",17.15976985
"ENSG00000184752",67.43355422
"ENSG00000186010",21.51384212
"ENSG00000189043",111.0669718
"ENSG00000128609",22.45528579
"ENSG00000119421",53.12227154
"ENSG00000004779",47.3471692
"ENSG00000183648",36.43674084
"ENSG00000136521",26.7369173
"ENSG00000165264",50.42562305
"ENSG00000168653",304.2357846
"ENSG00000103154",12.25502045
"ENSG00000089818",40.69649594
"ENSG00000049759",15.70242229
"ENSG00000100285",7.715844877
"ENSG00000104722",21.78441614
"ENSG00000172260",59.61189177
"ENSG00000154328",6.323864344
"ENSG00000163491",10.46554678
"ENSG00000165973",35.71964038
"ENSG00000184613",72.68130191
"ENSG00000166342",40.13770905
"ENSG00000171208",20.84941486
"ENSG00000164600",28.52066079
"ENSG00000170448",7.43562654
"ENSG00000166681",429.4206084
"ENSG00000145912",34.67316445
"ENSG00000196290",11.27233202
"ENSG00000104361",12.21795515
"ENSG00000184117",12.23826359
"ENSG00000136783",18.93324269
"ENSG00000010322",13.97535676
"ENSG00000186416",16.86276024
"ENSG00000165246",17.2716761
"ENSG00000103202",8.238621646
"ENSG00000112981",25.06056807
"ENSG00000143156",16.83230134
"ENSG00000157064",39.03748003
"ENSG00000152465",10.77914113
"ENSG00000109255",7.073636818
"ENSG00000053438",44.85820683
"ENSG00000112992",15.71139233
"ENSG00000101746",25.1581539
"ENSG00000101361",24.80713543
"ENSG00000055044",45.71861454
"ENSG00000198929",8.121753644
"ENSG00000174576",3.106853336
"ENSG00000141279",17.56477106
"ENSG00000113389",2.36262779
"ENSG00000114388",12.17982096
"ENSG00000156642",92.89211735
"ENSG00000171246",20.90281529
"ENSG00000106236",14.66599481
"ENSG00000221890",23.75622568
"ENSG00000122585",66.14189681
"ENSG00000164128",23.76008826
"ENSG00000124588",28.99607165
"ENSG00000120798",24.24192285
"ENSG00000134986",45.58799817
"ENSG00000157168",45.84649672
"ENSG00000154146",351.4903307
"ENSG00000175352",43.93337706
"ENSG00000124785",29.43280904
"ENSG00000152954",43.62442409
"ENSG00000125841",24.17664507
"ENSG00000021645",170.5844116
"ENSG00000164346",29.93828064
"ENSG00000073969",70.38113528
"ENSG00000111696",11.32256846
"ENSG00000162631",11.4755943
"ENSG00000120526",7.544008913
"ENSG00000015676",9.623751285
"ENSG00000122824",10.88821924
"ENSG00000196368",13.17435076
"ENSG00000136159",8.083300378
"ENSG00000167005",19.07619662
"ENSG00000170502",11.96485626
"ENSG00000069248",16.4674068
"ENSG00000102898",10.84524907
"ENSG00000122584",67.69946628
"ENSG00000144227",33.47290535
"ENSG00000144460",15.51740601
"ENSG00000109180",71.34389369
"ENSG00000197444",4.520617802
"ENSG00000147162",48.55446003
"ENSG00000138430",21.81567478
"ENSG00000130558",113.9517531
"ENSG00000118733",64.58685768
"ENSG00000198836",18.73560224
"ENSG00000183715",143.5313708
"ENSG00000054277",8.747217742
"ENSG00000082556",11.48120621
"ENSG00000115947",12.70706117
"ENSG00000144645",4.584905922
"ENSG00000091039",27.77197195
"ENSG00000116885",6.402361492
"ENSG00000092094",15.85124684
"ENSG00000169914",11.41116192
"ENSG00000085465",4.9227916
"ENSG00000083720",39.56641082
"ENSG00000164830",131.9285882
"ENSG00000186288",1.944585139
"ENSG00000184388",1.84166777
"ENSG00000112530",32.50687335
"ENSG00000007168",43.37252975
"ENSG00000120727",75.20843816
"ENSG00000149269",43.61320052
"ENSG00000111845",21.48352841
"ENSG00000077264",43.22942316
"ENSG00000101349",26.63639382
"ENSG00000163291",8.091130977
"ENSG00000124171",3.089106488
"ENSG00000116288",57.56570432
"ENSG00000169116",30.542542
"ENSG00000129484",39.49171758
"ENSG00000138650",16.25454503
"ENSG00000102290",15.01651092
"ENSG00000099715",15.04349282
"ENSG00000165194",6.357167588
"ENSG00000169851",51.30953447
"ENSG00000136099",14.12606471
"ENSG00000186472",43.03862664
"ENSG00000120265",82.53014112
"ENSG00000160299",6.351062855
"ENSG00000183036",107.9015219
"ENSG00000248485",41.53728674
"ENSG00000175426",7.92072256
"ENSG00000125851",29.77271928
"ENSG00000116005",18.26962155
"ENSG00000116703",5.830764494
"ENSG00000105185",44.30676042
"ENSG00000249915",15.94684229
"ENSG00000090470",14.67006081
"ENSG00000112541",23.70081922
"ENSG00000186642",18.14172705
"ENSG00000065989",6.871863641
"ENSG00000113448",61.89795959
"ENSG00000131828",16.65815412
"ENSG00000110435",21.35190238
"ENSG00000067992",30.13017644
"ENSG00000164951",32.35089625
"ENSG00000083642",24.9155111
"ENSG00000179889",20.13061527
"ENSG00000165966",24.32878262
"ENSG00000089220",268.7587845
"ENSG00000242265",20.11696199
"ENSG00000181195",9.923554515
"ENSG00000101132",21.0001164
"ENSG00000070087",55.61157257
"ENSG00000171314",58.09760167
"ENSG00000197121",10.8856236
"ENSG00000177614",20.10902611
"ENSG00000142657",11.08035456
"ENSG00000165434",38.54034651
"ENSG00000101856",96.28581371
"ENSG00000164040",10.3413957
"ENSG00000112137",87.36960131
"ENSG00000164902",11.87587866
"ENSG00000106443",27.48171743
"ENSG00000129292",11.12901331
"ENSG00000040199",6.75449982
"ENSG00000116793",19.63882368
"ENSG00000006576",11.51485282
"ENSG00000241973",18.45236303
"ENSG00000078043",18.140217
"ENSG00000153823",32.24338942
"ENSG00000166908",17.66203443
"ENSG00000241878",11.01714944
"ENSG00000057757",44.72522349
"ENSG00000091622",2.016166832
"ENSG00000181191",14.23065772
"ENSG00000198961",91.96363169
"ENSG00000171033",23.94960359
"ENSG00000135549",4.431134884
"ENSG00000165495",12.91152919
"ENSG00000123739",5.735592342
"ENSG00000137055",7.749734104
"ENSG00000182621",98.7288019
"ENSG00000114805",11.92751549
"ENSG00000182836",13.36822294
"ENSG00000105223",37.75240442
"ENSG00000180287",14.24410187
"ENSG00000052126",38.2142277
"ENSG00000115762",29.65527348
"ENSG00000120756",4.433537485
"ENSG00000221866",9.405508139
"ENSG00000122512",4.999858108
"ENSG00000176903",47.84333041
"ENSG00000240694",71.20464043
"ENSG00000182013",48.74197925
"ENSG00000168081",13.71164798
"ENSG00000130997",4.995578423
"ENSG00000147669",43.40434832
"ENSG00000148606",7.171241827
"ENSG00000132664",13.27834208
"ENSG00000161980",14.24601545
"ENSG00000130714",7.587544196
"ENSG00000086717",3.653156219
"ENSG00000139220",75.88103709
"ENSG00000143847",6.054471852
"ENSG00000134283",17.78780683
"ENSG00000196262",74.30615464
"ENSG00000171497",23.24371491
"ENSG00000137168",11.07469748
"ENSG00000168781",7.564363322
"ENSG00000100614",12.42257861
"ENSG00000170836",23.25175905
"ENSG00000175175",49.91423266
"ENSG00000214517",17.06066753
"ENSG00000213639",95.3456691
"ENSG00000198729",15.54527965
"ENSG00000135447",2.552373952
"ENSG00000150722",2.444601372
"ENSG00000115685",17.34657179
"ENSG00000105568",24.44158014
"ENSG00000074211",14.26319549
"ENSG00000112640",8.818172289
"ENSG00000154001",12.91309247
"ENSG00000138814",141.6277638
"ENSG00000107758",44.10049073
"ENSG00000119698",11.62241023
"ENSG00000198901",2.984586587
"ENSG00000138078",85.95573252
"ENSG00000139174",25.49572052
"ENSG00000162409",13.79835611
"ENSG00000142875",90.78021222
"ENSG00000106617",19.35368889
"ENSG00000108946",42.45807774
"ENSG00000005249",29.85057557
"ENSG00000166501",69.54814235
"ENSG00000171132",28.8130266
"ENSG00000067606",7.151009389
"ENSG00000138669",5.732925442
"ENSG00000111218",8.791347283
"ENSG00000171867",236.9271936
"ENSG00000110107",14.04429438
"ENSG00000161542",11.72528793
"ENSG00000184838",28.43260106
"ENSG00000164985",38.68279368
"ENSG00000143106",16.01180901
"ENSG00000159377",60.53261807
"ENSG00000100804",72.45354443
"ENSG00000161057",29.05865394
"ENSG00000115233",14.95046287
"ENSG00000103035",40.77951944
"ENSG00000157778",15.20864751
"ENSG00000180822",3.405614532
"ENSG00000121390",37.82846257
"ENSG00000244694",18.20987682
"ENSG00000156471",8.659987082
"ENSG00000106853",16.71076622
"ENSG00000144407",5.264587938
"ENSG00000087494",15.99836929
"ENSG00000070159",2.241724149
"ENSG00000088179",15.40191862
"ENSG00000110786",12.00661566
"ENSG00000155093",48.76882409
"ENSG00000151490",23.214331
"ENSG00000153233",30.99367216
"ENSG00000105426",22.31867956
"ENSG00000196090",22.73625389
"ENSG00000150787",24.49216183
"ENSG00000055917",32.28191314
"ENSG00000185129",39.72012292
"ENSG00000091127",8.641617558
"ENSG00000129317",29.34114356
"ENSG00000100362",23.41603605
"ENSG00000177707",18.91785264
"ENSG00000048991",119.1667685
"ENSG00000179912",33.81453059
"ENSG00000103769",39.23968164
"ENSG00000139998",20.37342385
"ENSG00000099246",23.64554109
"ENSG00000169228",31.10239237
"ENSG00000041353",9.820722021
"ENSG00000104388",34.7518666
"ENSG00000105649",69.57232421
"ENSG00000169213",5.424066851
"ENSG00000152932",45.76023273
"ENSG00000175582",55.91071209
"ENSG00000154917",27.94046853
"ENSG00000123570",11.8833643
"ENSG00000152061",29.97865662
"ENSG00000144134",4.383808665
"ENSG00000184672",180.3156685
"ENSG00000132341",42.9379934
"ENSG00000099901",9.987249719
"ENSG00000076864",24.41919401
"ENSG00000108352",13.28055805
"ENSG00000077092",17.27756273
"ENSG00000113643",24.11059767
"ENSG00000145715",46.35053301
"ENSG00000155903",22.20847639
"ENSG00000100302",5.998916823
"ENSG00000058335",13.7495208
"ENSG00000172575",9.464794528
"ENSG00000128045",3.577058508
"ENSG00000078328",295.8416058
"ENSG00000100320",49.28743652
"ENSG00000185272",8.471246031
"ENSG00000112183",6.874370384
"ENSG00000119707",58.23241208
"ENSG00000184863",8.540903916
"ENSG00000173933",14.6087193
"ENSG00000138207",14.48329164
"ENSG00000172348",65.43161476
"ENSG00000173653",3.697561347
"ENSG00000117906",34.28922795
"ENSG00000117625",16.93415517
"ENSG00000068615",39.49994239
"ENSG00000129625",102.5105563
"ENSG00000189056",35.50413757
"ENSG00000076043",16.57105113
"ENSG00000135002",14.96332494
"ENSG00000128253",4.947191025
"ENSG00000131378",11.45015577
"ENSG00000133111",8.086918028
"ENSG00000174136",16.0651811
"ENSG00000159788",8.704504219
"ENSG00000091844",5.787189323
"ENSG00000117152",61.99166882
"ENSG00000182732",38.64648813
"ENSG00000182901",204.0882832
"ENSG00000186479",29.36200801
"ENSG00000135824",3.802232767
"ENSG00000111785",9.505516683
"ENSG00000060709",19.83555301
"ENSG00000177181",3.723535279
"ENSG00000079841",29.13682698
"ENSG00000176406",71.62265472
"ENSG00000117016",11.17711098
"ENSG00000135249",9.99158042
"ENSG00000203877",16.35471023
"ENSG00000152214",49.00786564
"ENSG00000155906",9.344975738
"ENSG00000022840",11.83229826
"ENSG00000123091",46.26658844
"ENSG00000128482",12.06172332
"ENSG00000133135",7.111284797
"ENSG00000013561",11.14218899
"ENSG00000118518",23.92418698
"ENSG00000170153",10.78432223
"ENSG00000141576",11.13333095
"ENSG00000141622",5.172379874
"ENSG00000145428",15.57065291
"ENSG00000164197",17.10434921
"ENSG00000168159",17.42314047
"ENSG00000158286",3.75818118
"ENSG00000101236",12.47217048
"ENSG00000170633",15.93461528
"ENSG00000181852",10.92475356
"ENSG00000135119",5.618971433
"ENSG00000111880",15.05347594
"ENSG00000101654",21.75307493
"ENSG00000205937",11.96827595
"ENSG00000169855",34.69995326
"ENSG00000185008",92.72647025
"ENSG00000134318",31.75483341
"ENSG00000129197",12.0313022
"ENSG00000103494",3.739614102
"ENSG00000089169",25.13198405
"ENSG00000163684",3.481088249
"ENSG00000178718",2.333572969
"ENSG00000141425",20.51369305
"ENSG00000155876",46.41677101
"ENSG00000083750",23.87287635
"ENSG00000025039",10.45104282
"ENSG00000136444",8.212439732
"ENSG00000081019",8.872959218
"ENSG00000160188",4.208127536
"ENSG00000147655",10.92509763
"ENSG00000146374",3.351041893
"ENSG00000137815",35.36242746
"ENSG00000139970",288.3873842
"ENSG00000133318",219.7081107
"ENSG00000198863",5.340582677
"ENSG00000108309",25.044265
"ENSG00000160753",14.80379183
"ENSG00000013392",6.244472812
"ENSG00000171509",20.39400084
"ENSG00000198626",37.11575853
"ENSG00000142230",15.29947572
"ENSG00000031698",50.6647683
"ENSG00000119042",13.93679164
"ENSG00000139697",16.146105
"ENSG00000173611",15.47888049
"ENSG00000198794",36.07779799
"ENSG00000092108",24.16878432
"ENSG00000171951",236.2054922
"ENSG00000166922",201.1283342
"ENSG00000144285",47.85731883
"ENSG00000136531",70.67008621
"ENSG00000149575",9.58025579
"ENSG00000153253",36.716227
"ENSG00000166257",33.59068206
"ENSG00000177098",2.865035039
"ENSG00000136546",4.262012476
"ENSG00000196876",22.15693979
"ENSG00000169432",3.483671812
"ENSG00000153130",34.89335018
"ENSG00000136193",28.59453401
"ENSG00000065665",28.19543377
"ENSG00000008952",37.08427484
"ENSG00000085415",7.829148498
"ENSG00000135622",6.818811299
"ENSG00000095539",2.854659561
"ENSG00000082684",4.661685674
"ENSG00000129158",21.27557577
"ENSG00000111897",282.158548
"ENSG00000132824",60.10754327
"ENSG00000151778",39.83093582
"ENSG00000163536",224.6825452
"ENSG00000180440",11.02059424
"ENSG00000152217",17.57876352
"ENSG00000103037",5.131926278
"ENSG00000063015",9.266888716
"ENSG00000100095",28.07955178
"ENSG00000185053",168.9398679
"ENSG00000167037",9.035668823
"ENSG00000197860",13.29762322
"ENSG00000189410",3.988227112
"ENSG00000198478",17.80229143
"ENSG00000107295",75.87498169
"ENSG00000148082",44.78866497
"ENSG00000188803",6.905106365
"ENSG00000237515",26.70410381
"ENSG00000215475",4.37907677
"ENSG00000072858",9.364725372
"ENSG00000197555",36.11593041
"ENSG00000124523",8.784195153
"ENSG00000113558",49.99954187
"ENSG00000163950",21.79715439
"ENSG00000124140",30.28998643
"ENSG00000118596",13.24291881
"ENSG00000091664",3.245418572
"ENSG00000104888",46.18942789
"ENSG00000092096",49.14654673
"ENSG00000185052",21.54589562
"ENSG00000140090",3.407952651
"ENSG00000115840",47.48034152
"ENSG00000102078",12.49865071
"ENSG00000153291",34.35570545
"ENSG00000075415",50.53658992
"ENSG00000114120",23.79162771
"ENSG00000151729",29.66665228
"ENSG00000075303",7.31962402
"ENSG00000164209",13.09450002
"ENSG00000091137",5.321594872
"ENSG00000112053",2.902386472
"ENSG00000151229",34.19866345
"ENSG00000101438",5.846716519
"ENSG00000164414",69.77049838
"ENSG00000205060",11.16283241
"ENSG00000183780",47.62138107
"ENSG00000151812",6.233715884
"ENSG00000123643",3.666210833
"ENSG00000157800",6.742657697
"ENSG00000111371",25.94365595
"ENSG00000139974",13.54086502
"ENSG00000136052",16.48789047
"ENSG00000137968",31.56316115
"ENSG00000144290",82.71308322
"ENSG00000163798",11.22614874
"ENSG00000050438",13.29548773
"ENSG00000072041",13.07876217
"ENSG00000197106",12.74083986
"ENSG00000013293",10.91624179
"ENSG00000118160",10.08600526
"ENSG00000100678",6.466812822
"ENSG00000198689",32.48691688
"ENSG00000065923",12.23854725
"ENSG00000164038",10.74355781
"ENSG00000187122",12.92217634
"ENSG00000145147",20.56357166
"ENSG00000178235",8.2653451
"ENSG00000121871",8.916974065
"ENSG00000179542",16.72227936
"ENSG00000165300",11.18762537
"ENSG00000164609",16.98745177
"ENSG00000112305",29.61638857
"ENSG00000080503",47.27710816
"ENSG00000185420",29.2437346
"ENSG00000132639",1202.409208
"ENSG00000065609",59.71114576
"ENSG00000145335",90.25074143
"ENSG00000074317",65.30930323
"ENSG00000184602",11.41198984
"ENSG00000161981",13.60013265
"ENSG00000131876",14.64144517
"ENSG00000128739",44.20326225
"ENSG00000147481",155.1693265
"ENSG00000086300",49.77646155
"ENSG00000104497",4.178022176
"ENSG00000112335",76.22225297
"ENSG00000114520",21.469296
"ENSG00000112320",30.31114699
"ENSG00000142168",184.0005784
"ENSG00000108018",22.41009697
"ENSG00000156395",19.93401245
"ENSG00000182968",2.14416119
"ENSG00000123352",12.00388338
"ENSG00000197912",8.057784493
"ENSG00000153820",9.279352643
"ENSG00000186787",8.087778102
"ENSG00000204271",15.27554059
"ENSG00000167642",12.92655498
"ENSG00000167778",17.1271933
"ENSG00000123178",13.53398245
"ENSG00000197694",37.7993673
"ENSG00000145545",5.917047527
"ENSG00000116649",15.1164372
"ENSG00000140319",136.2990831
"ENSG00000143742",101.0261558
"ENSG00000096063",15.15641382
"ENSG00000144867",17.81999489
"ENSG00000100104",4.386029117
"ENSG00000139767",25.19219666
"ENSG00000116754",74.43459917
"ENSG00000154548",6.829505759
"ENSG00000184402",10.66044966
"ENSG00000008324",35.25073183
"ENSG00000138385",30.39631825
"ENSG00000157216",13.43443504
"ENSG00000157005",326.5337066
"ENSG00000139874",3.768718136
"ENSG00000117155",19.72611559
"ENSG00000144057",8.808663856
"ENSG00000117069",49.32166227
"ENSG00000111728",6.322198492
"ENSG00000177511",22.29382208
"ENSG00000101638",19.45842035
"ENSG00000138378",14.83812586
"ENSG00000040341",21.21552579
"ENSG00000157214",12.12282543
"ENSG00000117632",197.0113535
"ENSG00000104435",215.5573039
"ENSG00000197457",39.0729979
"ENSG00000023734",62.24616141
"ENSG00000165209",39.33043611
"ENSG00000136854",113.5926626
"ENSG00000145087",71.35616556
"ENSG00000113387",30.33457641
"ENSG00000136143",35.41371359
"ENSG00000064607",31.30074402
"ENSG00000130540",51.01531193
"ENSG00000116030",48.39834889
"ENSG00000196284",46.17023935
"ENSG00000119760",21.2275243
"ENSG00000156502",11.65768796
"ENSG00000143502",18.5090618
"ENSG00000185518",20.16221035
"ENSG00000166111",21.66904659
"ENSG00000147642",23.5535881
"ENSG00000171772",12.24270715
"ENSG00000008056",36.65906387
"ENSG00000185666",23.03922636
"ENSG00000100321",17.46992245
"ENSG00000127561",23.23761854
"ENSG00000159082",27.77701547
"ENSG00000163630",127.1289986
"ENSG00000102003",47.29899476
"ENSG00000067715",652.2430197
"ENSG00000110975",2.382673162
"ENSG00000019505",19.42857919
"ENSG00000143469",22.76711769
"ENSG00000139973",33.87167008
"ENSG00000132872",44.67904223
"ENSG00000006128",54.48557145
"ENSG00000166863",93.91252699
"ENSG00000138162",3.753500488
"ENSG00000115353",3.56146967
"ENSG00000144834",126.4589882
"ENSG00000170921",14.69577526
"ENSG00000059588",52.52396034
"ENSG00000089123",32.92110834
"ENSG00000106052",37.11791099
"ENSG00000260272",55.1492004
"ENSG00000111490",5.263077853
"ENSG00000124659",9.697446154
"ENSG00000116957",13.48280525
"ENSG00000145348",13.83888133
"ENSG00000112592",16.26381885
"ENSG00000171703",10.88393038
"ENSG00000172465",58.67918903
"ENSG00000184905",130.5062943
"ENSG00000196507",18.72513065
"ENSG00000133142",68.46114756
"ENSG00000204065",43.99867587
"ENSG00000204071",24.30624681
"ENSG00000182916",109.3416981
"ENSG00000113649",36.78752276
"ENSG00000196628",43.75180042
"ENSG00000168778",3.200012701
"ENSG00000139372",14.89543321
"ENSG00000111802",12.08895142
"ENSG00000132604",10.24335116
"ENSG00000166848",82.69383895
"ENSG00000137574",12.77860009
"ENSG00000163634",33.36342684
"ENSG00000054118",32.90648223
"ENSG00000151090",47.08095846
"ENSG00000005108",22.05811111
"ENSG00000144229",5.014099844
"ENSG00000154096",54.39609476
"ENSG00000151500",47.98967728
"ENSG00000146426",6.754273354
"ENSG00000134375",27.53282259
"ENSG00000100575",14.88680807
"ENSG00000143155",51.06593858
"ENSG00000184277",23.23388477
"ENSG00000150403",8.459248412
"ENSG00000166557",6.018628602
"ENSG00000134291",11.33696358
"ENSG00000144868",23.10265624
"ENSG00000171202",35.64108784
"ENSG00000171204",43.9233254
"ENSG00000139364",24.26132712
"ENSG00000151952",35.96318691
"ENSG00000167619",13.55402114
"ENSG00000164112",17.41906322
"ENSG00000174695",16.55975585
"ENSG00000186889",4.32708125
"ENSG00000127419",13.18231764
"ENSG00000146433",16.23809883
"ENSG00000163444",5.276701757
"ENSG00000173452",7.2511384
"ENSG00000187713",9.711700905
"ENSG00000186952",13.35915798
"ENSG00000155755",4.63414378
"ENSG00000112697",24.14908284
"ENSG00000126950",21.73123466
"ENSG00000072954",13.39968143
"ENSG00000170876",10.76114346
"ENSG00000155099",19.4189668
"ENSG00000105696",87.4180682
"ENSG00000164953",5.972568428
"ENSG00000164841",3.651362392
"ENSG00000133687",7.521587805
"ENSG00000139324",13.03982002
"ENSG00000166479",14.56072378
"ENSG00000125827",23.07267048
"ENSG00000078902",12.53567935
"ENSG00000141198",6.534593394
"ENSG00000173726",60.65537244
"ENSG00000025772",9.635063377
"ENSG00000154174",16.73814856
"ENSG00000077097",38.41835074
"ENSG00000124191",6.850238596
"ENSG00000103460",7.560671246
"ENSG00000067369",20.94366997
"ENSG00000146242",2.537829235
"ENSG00000134779",13.85290923
"ENSG00000158109",15.16573605
"ENSG00000204104",9.166607798
"ENSG00000168538",10.94082798
"ENSG00000196459",9.022555407
"ENSG00000167515",7.603599375
"ENSG00000054116",12.75021207
"ENSG00000182400",22.39676839
"ENSG00000124496",7.891787805
"ENSG00000072657",21.76995719
"ENSG00000113595",25.46613661
"ENSG00000197323",18.44585202
"ENSG00000108395",28.88277085
"ENSG00000100505",72.22933985
"ENSG00000066651",51.63894668
"ENSG00000171103",20.44151275
"ENSG00000067445",15.42650893
"ENSG00000144935",25.58781706
"ENSG00000072315",5.50271827
"ENSG00000165832",8.408659996
"ENSG00000182463",10.75677032
"ENSG00000121297",7.483081772
"ENSG00000211460",15.26841388
"ENSG00000106537",69.92298908
"ENSG00000156298",611.9130053
"ENSG00000189241",183.4030893
"ENSG00000184205",42.97995769
"ENSG00000187189",30.28858407
"ENSG00000158526",30.19107446
"ENSG00000032389",6.221102861
"ENSG00000128881",12.76352157
"ENSG00000182670",60.02822636
"ENSG00000113638",13.74246633
"ENSG00000198677",33.06844352
"ENSG00000155158",4.66330113
"ENSG00000168234",15.34292007
"ENSG00000165533",16.1859626
"ENSG00000133985",5.187003304
"ENSG00000174521",31.21480821
"ENSG00000124120",4.177443815
"ENSG00000166402",16.69496986
"ENSG00000123416",192.9775691
"ENSG00000127824",28.01319283
"ENSG00000183785",2.0563158
"ENSG00000137267",125.6018795
"ENSG00000037042",26.44326773
"ENSG00000137822",10.65190446
"ENSG00000104723",26.34553873
"ENSG00000087301",16.93218174
"ENSG00000141759",14.71544577
"ENSG00000119048",62.8995533
"ENSG00000078967",14.01398085
"ENSG00000170035",45.91304048
"ENSG00000177889",28.19647808
"ENSG00000160714",10.119692
"ENSG00000215218",17.67455033
"ENSG00000169139",24.34423076
"ENSG00000114062",51.11819944
"ENSG00000118420",6.996980143
"ENSG00000164332",28.19112878
"ENSG00000157741",7.81493901
"ENSG00000135018",18.64144163
"ENSG00000144357",32.57306145
"ENSG00000154277",583.0545273
"ENSG00000118939",16.83460698
"ENSG00000116750",13.19104945
"ENSG00000102595",23.30164081
"ENSG00000140474",30.86664058
"ENSG00000130477",10.76633493
"ENSG00000137766",13.51606996
"ENSG00000156687",32.94255716
"ENSG00000133958",29.16375128
"ENSG00000144406",27.03973434
"ENSG00000183696",12.57338197
"ENSG00000007001",16.16148561
"ENSG00000156467",20.1489291
"ENSG00000010256",28.59379695
"ENSG00000140740",47.17458843
"ENSG00000173660",191.4096588
"ENSG00000188690",11.83057325
"ENSG00000173915",204.880826
"ENSG00000102226",46.21953215
"ENSG00000036672",8.221072332
"ENSG00000124422",33.81883051
"ENSG00000048028",9.528149752
"ENSG00000077254",37.9541735
"ENSG00000114374",13.37684497
"ENSG00000117533",10.84765619
"ENSG00000171724",13.26263078
"ENSG00000213585",58.21844338
"ENSG00000165637",33.58535836
"ENSG00000078668",100.6111019
"ENSG00000028203",25.27513739
"ENSG00000146469",618.2634393
"ENSG00000160131",15.39998009
"ENSG00000197969",9.837574979
"ENSG00000184056",4.604461016
"ENSG00000069329",23.94293339
"ENSG00000006715",19.03893298
"ENSG00000141252",6.720412264
"ENSG00000163032",284.6850613
"ENSG00000170419",16.37729198
"ENSG00000110002",5.600240986
"ENSG00000188730",6.952832277
"ENSG00000174453",13.94293406
"ENSG00000112290",75.30860182
"ENSG00000185274",46.27734315
"ENSG00000138442",6.282663277
"ENSG00000157796",14.6086647
"ENSG00000085433",30.86233582
"ENSG00000196363",6.1735092
"ENSG00000005448",8.283729532
"ENSG00000140395",14.9915342
"ENSG00000091157",20.10162876
"ENSG00000147548",25.39299111
"ENSG00000122574",8.413909506
"ENSG00000169884",7.985924432
"ENSG00000176871",28.07033701
"ENSG00000075035",3.981809012
"ENSG00000123124",17.17062635
"ENSG00000206579",14.52442736
"ENSG00000171044",31.05798098
"ENSG00000196419",29.02923262
"ENSG00000134684",10.52830311
"ENSG00000163872",8.555953874
"ENSG00000127337",10.77041085
"ENSG00000119596",16.03472402
"ENSG00000100027",6.120925853
"ENSG00000090238",39.2679226
"ENSG00000166793",5.063723216
"ENSG00000119801",49.37418623
"ENSG00000166913",117.8146189
"ENSG00000170027",114.2429876
"ENSG00000128245",227.2309198
"ENSG00000164924",99.3474241
"ENSG00000176261",18.43944889
"ENSG00000100722",15.93522186
"ENSG00000065548",40.61719722
"ENSG00000144161",9.877066369
"ENSG00000174460",19.37607509
"ENSG00000121766",48.40684406
"ENSG00000204186",10.70742413
"ENSG00000177054",4.62186316
"ENSG00000175893",24.74987837
"ENSG00000177108",7.226786194
"ENSG00000184307",5.245622906
"ENSG00000160445",17.18019353
"ENSG00000158552",10.51341228
"ENSG00000169946",22.22412399
"ENSG00000157077",23.42970904
"ENSG00000155592",2.734447556
"ENSG00000146007",29.29326946
"ENSG00000165061",50.69081758
"ENSG00000147130",7.800993692
"ENSG00000105708",6.773226204
"ENSG00000005801",12.82756426
"ENSG00000196793",3.912417256
"ENSG00000198105",20.72894873
"ENSG00000175395",29.82820309
"ENSG00000198169",11.83068415
"ENSG00000198039",5.257230344
"ENSG00000188994",29.4060825
"ENSG00000168661",8.525406667
"ENSG00000131845",3.143120644
"ENSG00000161298",7.663905454
"ENSG00000144331",48.41090444
"ENSG00000151789",57.30235654
"ENSG00000124613",2.782218992
"ENSG00000197024",4.679312245
"ENSG00000197050",8.679262136
"ENSG00000173275",5.452902677
"ENSG00000173258",37.24375976
"ENSG00000196268",5.341750987
"ENSG00000175322",7.580202992
"ENSG00000186020",11.3939338
"ENSG00000171817",21.54740594
"ENSG00000198466",3.307347778
"ENSG00000183309",5.118887668
"ENSG00000198046",6.17700899
"ENSG00000147180",17.702065
"ENSG00000175691",2.42281719
"ENSG00000170396",33.16385366
"ENSG00000167232",18.52346919
"ENSG00000132485",89.3626982
"ENSG00000121413",10.83768646
"ENSG00000086827",5.647561534
"ENSG00000162378",17.89648688
