"ensembl_id","Oligodendrocytes"
"ENSG00000181409",29.24070472
"ENSG00000141338",48.02701118
"ENSG00000164163",12.57130676
"ENSG00000160179",19.04858555
"ENSG00000163686",23.76057093
"ENSG00000166016",12.72149921
"ENSG00000177646",4.534234287
"ENSG00000107897",18.17872991
"ENSG00000131069",12.92846643
"ENSG00000136518",10.19930942
"ENSG00000077522",18.57597795
"ENSG00000138107",14.33165296
"ENSG00000123612",5.290215079
"ENSG00000170634",41.91098183
"ENSG00000197140",1.628751037
"ENSG00000063761",6.601221575
"ENSG00000173175",7.417948405
"ENSG00000006831",48.33523071
"ENSG00000181915",16.37974456
"ENSG00000163485",7.610923286
"ENSG00000035687",23.03268038
"ENSG00000183077",19.0384058
"ENSG00000038002",20.10470574
"ENSG00000157985",35.73195164
"ENSG00000026652",30.47215709
"ENSG00000135049",79.60029437
"ENSG00000106546",10.48357422
"ENSG00000154027",61.93763566
"ENSG00000151320",48.72585529
"ENSG00000174574",28.95552846
"ENSG00000166971",9.137237924
"ENSG00000148218",14.95646198
"ENSG00000170017",84.56041034
"ENSG00000072210",11.19596161
"ENSG00000172339",4.542758472
"ENSG00000091542",15.41901212
"ENSG00000116127",7.502125224
"ENSG00000123505",79.1096053
"ENSG00000159461",11.42503838
"ENSG00000144233",4.896403644
"ENSG00000151743",32.12474655
"ENSG00000164162",12.46935128
"ENSG00000089053",32.75078724
"ENSG00000013523",8.222740976
"ENSG00000151150",59.58718791
"ENSG00000154122",14.74482995
"ENSG00000001629",57.74669119
"ENSG00000101745",31.62755973
"ENSG00000076513",13.04051031
"ENSG00000180071",12.22166448
"ENSG00000206560",23.62392563
"ENSG00000154945",45.61766824
"ENSG00000235098",11.94056365
"ENSG00000011426",97.50598996
"ENSG00000136938",31.54126623
"ENSG00000081014",4.644083402
"ENSG00000166313",34.70697337
"ENSG00000149089",13.47010056
"ENSG00000105290",200.7753665
"ENSG00000142192",115.4282055
"ENSG00000062725",14.9284469
"ENSG00000137074",11.92614385
"ENSG00000178301",5.283742241
"ENSG00000047365",52.46854746
"ENSG00000168374",60.69619121
"ENSG00000175220",31.82815095
"ENSG00000107863",78.4190427
"ENSG00000104728",12.50436865
"ENSG00000116584",10.5579625
"ENSG00000183111",12.08611897
"ENSG00000102606",29.35636366
"ENSG00000049618",16.31244442
"ENSG00000054267",30.54427332
"ENSG00000177479",24.95418034
"ENSG00000144746",111.9470084
"ENSG00000143862",35.2824871
"ENSG00000104442",32.326301
"ENSG00000170632",8.886397082
"ENSG00000162704",24.19673349
"ENSG00000156219",10.21796685
"ENSG00000196372",4.867317695
"ENSG00000183475",4.05639207
"ENSG00000138303",19.04446361
"ENSG00000108381",50.13426795
"ENSG00000064102",16.21120488
"ENSG00000107669",23.22903706
"ENSG00000145782",10.51290122
"ENSG00000175224",15.9343792
"ENSG00000126775",11.4326128
"ENSG00000066739",9.614105123
"ENSG00000144848",31.07531457
"ENSG00000101844",4.976382678
"ENSG00000125703",89.93665081
"ENSG00000177556",17.86539091
"ENSG00000118322",22.51022232
"ENSG00000068650",9.808743729
"ENSG00000124406",66.04593406
"ENSG00000158321",46.94958104
"ENSG00000109956",10.32316548
"ENSG00000112182",13.05296873
"ENSG00000112208",2.634173374
"ENSG00000214413",10.30242805
"ENSG00000114439",28.22890023
"ENSG00000064787",91.37202634
"ENSG00000114200",20.0437951
"ENSG00000136717",37.73519878
"ENSG00000197299",2.32829174
"ENSG00000117475",13.08741458
"ENSG00000113734",4.311029893
"ENSG00000104765",66.57750488
"ENSG00000172331",14.43085403
"ENSG00000162813",6.112603154
"ENSG00000113460",9.502131123
"ENSG00000100916",12.33863604
"ENSG00000132640",41.87573177
"ENSG00000169814",6.774711924
"ENSG00000183346",14.0697869
"ENSG00000154493",65.68204728
"ENSG00000171067",5.237831087
"ENSG00000182919",8.772490376
"ENSG00000149196",19.02911141
"ENSG00000174206",2.479040528
"ENSG00000174456",45.4501444
"ENSG00000087302",24.70485819
"ENSG00000169609",4.73743339
"ENSG00000186073",5.483387266
"ENSG00000166455",6.249351276
"ENSG00000103544",18.72521954
"ENSG00000177576",19.29684829
"ENSG00000106392",17.15534777
"ENSG00000171155",20.98476208
"ENSG00000197982",41.11507298
"ENSG00000119280",42.40943367
"ENSG00000143612",47.24967547
"ENSG00000164008",7.180786031
"ENSG00000163026",2.594514422
"ENSG00000168887",15.8118836
"ENSG00000186132",14.1199234
"ENSG00000187699",9.382775542
"ENSG00000163608",9.317942399
"ENSG00000179021",10.87157426
"ENSG00000056050",36.42041455
"ENSG00000181904",12.84311518
"ENSG00000205765",11.25817084
"ENSG00000198663",9.890324726
"ENSG00000169085",33.47224521
"ENSG00000148120",29.43248142
"ENSG00000136819",11.95817569
"ENSG00000155621",14.82959513
"ENSG00000104267",260.7835597
"ENSG00000154040",6.230733152
"ENSG00000075461",2.488043087
"ENSG00000175161",195.3020927
"ENSG00000105767",22.72880662
"ENSG00000128595",26.86666113
"ENSG00000127022",56.04965854
"ENSG00000131375",13.3834854
"ENSG00000153048",7.321076913
"ENSG00000172508",101.6351564
"ENSG00000110619",5.635366644
"ENSG00000108349",19.08549427
"ENSG00000127995",27.23964221
"ENSG00000159228",108.9729805
"ENSG00000108468",18.67148456
"ENSG00000122565",17.58868808
"ENSG00000141582",5.457799116
"ENSG00000169193",6.819632643
"ENSG00000163006",6.240717078
"ENSG00000198865",6.208061111
"ENSG00000183401",11.27056303
"ENSG00000198937",28.42363468
"ENSG00000180329",8.127231013
"ENSG00000108588",17.82909584
"ENSG00000120860",32.46805851
"ENSG00000133773",11.19358937
"ENSG00000216937",14.30322589
"ENSG00000149231",22.84589448
"ENSG00000115355",82.42937171
"ENSG00000137500",14.76875355
"ENSG00000134057",2.725083898
"ENSG00000175305",11.03080318
"ENSG00000129315",10.66546781
"ENSG00000103540",49.77859981
"ENSG00000115484",34.86650626
"ENSG00000122674",10.78497486
"ENSG00000012124",26.86176073
"ENSG00000169217",7.22661646
"ENSG00000010278",150.4802494
"ENSG00000081377",22.98835496
"ENSG00000143776",50.6590134
"ENSG00000158985",38.96290845
"ENSG00000039068",7.134697229
"ENSG00000071991",32.24433602
"ENSG00000059758",27.73779572
"ENSG00000117266",36.62809158
"ENSG00000155111",47.64277725
"ENSG00000135446",9.262811442
"ENSG00000136861",12.65456504
"ENSG00000105810",15.52502515
"ENSG00000100490",7.174635276
"ENSG00000129757",32.4049298
"ENSG00000143126",6.413785742
"ENSG00000031691",7.584390452
"ENSG00000164118",7.282563743
"ENSG00000130695",6.529313471
"ENSG00000182504",22.75131666
"ENSG00000134255",7.920678811
"ENSG00000167123",155.3936941
"ENSG00000143418",33.03965099
"ENSG00000090661",15.81778013
"ENSG00000153140",11.01849248
"ENSG00000165410",109.6034697
"ENSG00000163528",8.80236967
"ENSG00000204116",10.00116321
"ENSG00000083937",17.53441716
"ENSG00000106069",32.9965225
"ENSG00000110172",10.83500118
"ENSG00000160679",20.49215134
"ENSG00000213341",7.210741938
"ENSG00000258289",11.05473004
"ENSG00000005194",8.887652112
"ENSG00000100865",8.78884804
"ENSG00000163539",73.00545892
"ENSG00000109572",28.46402345
"ENSG00000073464",16.92842735
"ENSG00000013297",181.2018254
"ENSG00000080822",524.1508953
"ENSG00000115295",25.57375719
"ENSG00000013441",121.0530987
"ENSG00000165959",26.68440567
"ENSG00000074201",25.03116812
"ENSG00000172409",3.318771697
"ENSG00000166855",11.34625844
"ENSG00000079101",2.211252642
"ENSG00000103121",43.13886546
"ENSG00000162368",15.48490806
"ENSG00000166091",31.2080569
"ENSG00000150656",136.1134135
"ENSG00000148842",4.650979808
"ENSG00000168763",9.966599543
"ENSG00000184144",60.62916658
"ENSG00000152910",88.64648617
"ENSG00000106078",26.67202068
"ENSG00000260371",16.86065393
"ENSG00000188153",43.21319625
"ENSG00000112280",3.581989691
"ENSG00000049089",43.94151797
"ENSG00000092758",17.8269116
"ENSG00000122218",39.15905193
"ENSG00000105669",18.00377492
"ENSG00000166200",17.87795246
"ENSG00000121022",15.81792222
"ENSG00000110880",22.92534802
"ENSG00000103647",24.33998658
"ENSG00000166260",8.120703532
"ENSG00000214575",7.830918069
"ENSG00000137449",24.71251613
"ENSG00000135678",24.16391844
"ENSG00000140848",14.01958152
"ENSG00000080819",33.25953597
"ENSG00000103381",21.10787874
"ENSG00000165934",10.21644378
"ENSG00000119203",10.84418461
"ENSG00000169372",24.23187084
"ENSG00000146592",61.19476055
"ENSG00000137504",25.20313001
"ENSG00000165475",47.46872775
"ENSG00000124207",34.56778657
"ENSG00000169826",20.53091961
"ENSG00000149474",5.83843269
"ENSG00000177613",7.14582522
"ENSG00000044115",34.0138203
"ENSG00000183230",176.5998902
"ENSG00000047230",6.59684014
"ENSG00000077063",40.92476661
"ENSG00000119929",31.00389368
"ENSG00000154639",43.90757921
"ENSG00000185753",9.798074144
"ENSG00000147231",5.448302744
"ENSG00000171604",14.72478191
"ENSG00000083799",13.33305459
"ENSG00000135929",28.42054799
"ENSG00000108669",14.30613075
"ENSG00000146122",50.50290164
"ENSG00000197380",8.728896462
"ENSG00000163331",2.583351803
"ENSG00000138231",4.728731197
"ENSG00000163257",11.77401997
"ENSG00000115827",6.367358076
"ENSG00000175203",23.51021104
"ENSG00000104671",34.71241671
"ENSG00000088205",22.28168595
"ENSG00000174243",5.572756998
"ENSG00000143753",44.05521584
"ENSG00000184014",31.86517123
"ENSG00000155792",33.33868872
"ENSG00000160049",2.75990581
"ENSG00000116133",26.21123175
"ENSG00000172893",10.45811858
"ENSG00000178700",6.631134539
"ENSG00000157379",4.284900201
"ENSG00000102796",4.661144041
"ENSG00000100697",38.24811068
"ENSG00000086189",14.49423089
"ENSG00000066084",47.54686527
"ENSG00000151240",26.65455609
"ENSG00000144535",8.390614469
"ENSG00000075711",77.1277445
"ENSG00000150672",144.376452
"ENSG00000135164",27.13367468
"ENSG00000172869",12.82941957
"ENSG00000135924",26.90122054
"ENSG00000170464",12.79121042
"ENSG00000168724",8.166505367
"ENSG00000116675",77.60760577
"ENSG00000197959",91.52430045
"ENSG00000150760",33.70627499
"ENSG00000135905",80.79931512
"ENSG00000147459",39.01107848
"ENSG00000167130",5.826310403
"ENSG00000133884",9.56821678
"ENSG00000117543",7.650903428
"ENSG00000162961",24.43546706
"ENSG00000188641",86.43314492
"ENSG00000092964",324.6030096
"ENSG00000110042",7.009743162
"ENSG00000143507",34.73677938
"ENSG00000111266",29.5050223
"ENSG00000167065",4.162190496
"ENSG00000141627",29.36860001
"ENSG00000077380",60.87081077
"ENSG00000135720",58.82753187
"ENSG00000169016",4.319165322
"ENSG00000103356",2.218024805
"ENSG00000093144",16.95828541
"ENSG00000164176",255.4054249
"ENSG00000115468",56.4878562
"ENSG00000100842",20.97374213
"ENSG00000111361",11.32823709
"ENSG00000104131",20.62636377
"ENSG00000196361",17.25535427
"ENSG00000109381",23.01648446
"ENSG00000179387",3.873604393
"ENSG00000066322",52.18290849
"ENSG00000154380",15.17618735
"ENSG00000145293",51.68700897
"ENSG00000132199",16.99767056
"ENSG00000120658",88.98418044
"ENSG00000165675",19.868782
"ENSG00000136960",192.8465712
"ENSG00000001561",46.57990333
"ENSG00000164303",9.450024945
"ENSG00000072134",23.13367478
"ENSG00000085832",42.35359749
"ENSG00000112851",81.51750149
"ENSG00000065361",32.00342419
"ENSG00000136541",275.042497
"ENSG00000099219",15.37885753
"ENSG00000067208",19.6839681
"ENSG00000070367",10.92350158
"ENSG00000144036",45.03485119
"ENSG00000116903",5.694020387
"ENSG00000157036",8.532448326
"ENSG00000103089",67.42220344
"ENSG00000149485",19.08690379
"ENSG00000185104",41.45703639
"ENSG00000158234",6.951608736
"ENSG00000167106",16.53356779
"ENSG00000182518",9.945185502
"ENSG00000065809",75.44701032
"ENSG00000184083",6.604558427
"ENSG00000150510",28.68248841
"ENSG00000122591",20.05404767
"ENSG00000203950",35.35172822
"ENSG00000159784",6.365859253
"ENSG00000154153",51.58171168
"ENSG00000031003",26.6189352
"ENSG00000148541",34.73677082
"ENSG00000138286",7.027072028
"ENSG00000151327",15.57306795
"ENSG00000198718",14.96902357
"ENSG00000148481",22.75401795
"ENSG00000172775",19.50445328
"ENSG00000188916",9.214653598
"ENSG00000204767",13.43542382
"ENSG00000237765",15.24665002
"ENSG00000163946",15.90791169
"ENSG00000177150",9.780243677
"ENSG00000071859",19.96100904
"ENSG00000154511",68.26359326
"ENSG00000180488",17.65836124
"ENSG00000009780",27.69342851
"ENSG00000171262",4.400888831
"ENSG00000198690",8.096964223
"ENSG00000181544",6.293645303
"ENSG00000115392",54.77740051
"ENSG00000197601",45.98712296
"ENSG00000006607",5.443741485
"ENSG00000124279",9.009885098
"ENSG00000166147",7.273913589
"ENSG00000112234",9.470688638
"ENSG00000118564",45.59171832
"ENSG00000141665",2.488963864
"ENSG00000156804",18.98712586
"ENSG00000174013",4.430044681
"ENSG00000100225",35.68904652
"ENSG00000066926",14.2053551
"ENSG00000149557",120.7378736
"ENSG00000113578",63.66696778
"ENSG00000111790",27.10927128
"ENSG00000112367",13.96284653
"ENSG00000132436",3.045659365
"ENSG00000214253",74.79842987
"ENSG00000004478",11.32478229
"ENSG00000106692",8.18077653
"ENSG00000157827",209.2728527
"ENSG00000102081",14.15474131
"ENSG00000168522",20.37190814
"ENSG00000086205",81.35539306
"ENSG00000133393",15.06244045
"ENSG00000141568",8.50639913
"ENSG00000170802",51.83437146
"ENSG00000114541",63.47177807
"ENSG00000171877",176.6396633
"ENSG00000075539",47.90779315
"ENSG00000106701",8.620065954
"ENSG00000107164",8.590575776
"ENSG00000033170",81.28887075
"ENSG00000114416",14.99944445
"ENSG00000109458",51.39226219
"ENSG00000143458",7.475489399
"ENSG00000054983",17.37557128
"ENSG00000156958",14.92516556
"ENSG00000144278",33.89731391
"ENSG00000109586",10.15975592
"ENSG00000214013",8.905261308
"ENSG00000007237",24.7649877
"ENSG00000157259",28.79513628
"ENSG00000171766",51.6563679
"ENSG00000160844",61.60520906
"ENSG00000115271",35.96525288
"ENSG00000005436",13.05356119
"ENSG00000001084",15.2669602
"ENSG00000140905",11.67601767
"ENSG00000006007",23.53029571
"ENSG00000057608",35.85151672
"ENSG00000092208",6.528525824
"ENSG00000204120",10.431998
"ENSG00000175066",11.39657846
"ENSG00000186417",65.33175935
"ENSG00000122694",10.67655044
"ENSG00000139433",76.92486847
"ENSG00000163655",6.611946577
"ENSG00000127955",88.70243526
"ENSG00000087258",30.51248834
"ENSG00000128266",11.30974668
"ENSG00000159921",7.313905372
"ENSG00000116906",17.08031297
"ENSG00000090581",18.46187574
"ENSG00000147533",129.2112866
"ENSG00000115806",13.3964712
"ENSG00000062194",45.37424251
"ENSG00000046653",370.7626406
"ENSG00000198522",8.934718005
"ENSG00000136235",20.18703348
"ENSG00000170775",111.1443663
"ENSG00000167191",111.4568205
"ENSG00000121957",19.6529371
"ENSG00000141449",8.735574706
"ENSG00000166923",14.15845508
"ENSG00000137106",17.31107537
"ENSG00000182771",34.32980679
"ENSG00000148180",38.22881501
"ENSG00000065621",4.335933085
"ENSG00000121964",20.16388471
"ENSG00000140307",20.30391946
"ENSG00000153767",9.859587675
"ENSG00000188342",23.81492089
"ENSG00000196275",3.245117468
"ENSG00000119041",9.204260552
"ENSG00000148308",11.33886452
"ENSG00000151806",10.51018272
"ENSG00000188486",9.407866448
"ENSG00000132702",63.68488651
"ENSG00000112339",25.29520796
"ENSG00000111727",11.76194699
"ENSG00000163517",12.0704611
"ENSG00000068024",6.227576162
"ENSG00000167220",12.81379098
"ENSG00000013583",12.33744294
"ENSG00000092148",19.35591795
"ENSG00000138411",20.36516067
"ENSG00000164161",33.1445059
"ENSG00000106049",33.27526736
"ENSG00000111911",19.4468727
"ENSG00000064393",55.71425613
"ENSG00000159267",10.18160865
"ENSG00000117305",4.649010314
"ENSG00000198830",36.75633646
"ENSG00000100281",12.99952917
"ENSG00000103415",17.58489529
"ENSG00000206053",5.541402607
"ENSG00000096746",49.16230047
"ENSG00000165119",42.32708463
"ENSG00000125944",21.23307014
"ENSG00000127483",39.24150831
"ENSG00000249853",50.67335085
"ENSG00000117594",65.77264855
"ENSG00000133835",60.02801928
"ENSG00000126803",79.4599467
"ENSG00000109854",22.15283332
"ENSG00000005700",21.5419387
"ENSG00000112144",17.45152917
"ENSG00000167862",19.10895136
"ENSG00000152778",11.63502533
"ENSG00000182700",20.52957258
"ENSG00000162729",56.99558851
"ENSG00000030419",6.40592227
"ENSG00000095574",12.94407169
"ENSG00000169306",661.7170385
"ENSG00000132323",15.79927479
"ENSG00000148950",14.54630523
"ENSG00000104331",15.03914482
"ENSG00000151689",41.29955948
"ENSG00000186480",35.84017383
"ENSG00000171105",23.13095157
"ENSG00000143493",6.755629699
"ENSG00000119509",15.82146002
"ENSG00000068745",19.64110646
"ENSG00000117408",28.68599481
"ENSG00000127080",3.752390066
"ENSG00000066583",14.42517994
"ENSG00000078747",40.34049951
"ENSG00000164171",17.28148894
"ENSG00000083457",5.64222615
"ENSG00000105855",28.99816432
"ENSG00000100605",12.5091242
"ENSG00000116679",29.81925641
"ENSG00000163166",27.97928712
"ENSG00000188385",9.031368282
"ENSG00000166086",69.40602866
"ENSG00000139620",11.97291118
"ENSG00000172977",4.994761401
"ENSG00000186625",10.81507253
"ENSG00000102781",9.030956752
"ENSG00000170852",19.95757739
"ENSG00000182359",8.546242726
"ENSG00000165572",11.92464717
"ENSG00000120696",7.436535271
"ENSG00000183960",83.44168637
"ENSG00000123700",38.93507452
"ENSG00000100433",6.722676243
"ENSG00000135643",41.60297512
"ENSG00000155729",3.213604153
"ENSG00000180901",6.257760584
"ENSG00000136636",22.58564267
"ENSG00000180332",13.29517196
"ENSG00000183783",78.28198356
"ENSG00000147050",22.12510364
"ENSG00000119537",11.40179899
"ENSG00000079999",6.237675222
"ENSG00000164961",20.36569778
"ENSG00000136813",22.55802349
"ENSG00000166783",8.819976301
"ENSG00000100578",8.105453188
"ENSG00000164659",21.09437028
"ENSG00000149633",13.21738739
"ENSG00000134313",32.38173959
"ENSG00000137177",25.06474751
"ENSG00000197892",29.79079838
"ENSG00000129250",3.334556873
"ENSG00000068796",45.81402585
"ENSG00000164627",10.73681637
"ENSG00000169926",8.097132545
"ENSG00000197776",28.44294693
"ENSG00000109466",33.38597924
"ENSG00000114796",30.0449334
"ENSG00000179454",16.46760806
"ENSG00000186231",123.6414026
"ENSG00000102271",25.19429538
"ENSG00000102753",25.48760826
"ENSG00000001631",19.17880213
"ENSG00000185896",29.86445102
"ENSG00000005893",216.1825644
"ENSG00000149357",20.169428
"ENSG00000115365",122.7098639
"ENSG00000166173",53.32657782
"ENSG00000196233",18.64719315
"ENSG00000122367",42.71884914
"ENSG00000157978",8.599935886
"ENSG00000108679",29.72710463
"ENSG00000168481",19.60246367
"ENSG00000139292",13.9616869
"ENSG00000187416",45.94721239
"ENSG00000107902",27.97142893
"ENSG00000121897",12.34855025
"ENSG00000050405",17.99120203
"ENSG00000064042",87.89690721
"ENSG00000189308",7.730841459
"ENSG00000232388",34.6554765
"ENSG00000189067",28.47106625
"ENSG00000139233",15.11747114
"ENSG00000168216",83.81784099
"ENSG00000103227",11.9295238
"ENSG00000198121",126.7237329
"ENSG00000123684",45.78838293
"ENSG00000186001",14.09315347
"ENSG00000198799",4.173356465
"ENSG00000139263",4.700831886
"ENSG00000081479",9.128720249
"ENSG00000070018",20.2833637
"ENSG00000137269",19.54703862
"ENSG00000171492",18.75781852
"ENSG00000093167",23.43238481
"ENSG00000198739",61.72891859
"ENSG00000160285",18.90951057
"ENSG00000198862",17.68235256
"ENSG00000171357",7.665364862
"ENSG00000153714",13.05650573
"ENSG00000205707",24.98033119
"ENSG00000183060",3.428012817
"ENSG00000162441",14.75833696
"ENSG00000116670",5.542250824
"ENSG00000105695",117.7658641
"ENSG00000187601",66.64128981
"ENSG00000187391",185.4678271
"ENSG00000172005",198.8165292
"ENSG00000112893",83.32739327
"ENSG00000196547",24.70826525
"ENSG00000047849",32.09733173
"ENSG00000071054",85.39618852
"ENSG00000012983",78.97960756
"ENSG00000180834",52.54370812
"ENSG00000135525",183.3460144
"ENSG00000116871",16.67953769
"ENSG00000166974",59.78238192
"ENSG00000175130",196.5417521
"ENSG00000099308",21.99076682
"ENSG00000132561",10.83482352
"ENSG00000129933",7.719157197
"ENSG00000139793",99.45879998
"ENSG00000143797",23.18873146
"ENSG00000197971",462.7449647
"ENSG00000011258",9.444379487
"ENSG00000076706",15.0693286
"ENSG00000166508",9.192084792
"ENSG00000125885",4.568651199
"ENSG00000111554",4.222723233
"ENSG00000198625",25.56444666
"ENSG00000160563",32.10928278
"ENSG00000164758",10.57294992
"ENSG00000106780",36.58935392
"ENSG00000143995",12.20508727
"ENSG00000165819",11.4939928
"ENSG00000176624",5.252789534
"ENSG00000168958",29.32114218
"ENSG00000151690",19.20148651
"ENSG00000174197",11.18333682
"ENSG00000101752",13.17310672
"ENSG00000243156",7.969214713
"ENSG00000165175",14.93322695
"ENSG00000198160",16.19665161
"ENSG00000027001",11.1114138
"ENSG00000159055",6.013618568
"ENSG00000187098",16.33609221
"ENSG00000179455",23.54203121
"ENSG00000178053",13.25619171
"ENSG00000119684",15.39348087
"ENSG00000139428",5.525096636
"ENSG00000155229",11.61259295
"ENSG00000121211",8.181075176
"ENSG00000120162",34.9818433
"ENSG00000168314",288.1519138
"ENSG00000061987",20.54143899
"ENSG00000130150",38.75161752
"ENSG00000107186",23.98674606
"ENSG00000124383",12.47266961
"ENSG00000108852",9.55875013
"ENSG00000161647",2.101682868
"ENSG00000072415",18.05399077
"ENSG00000159111",11.1146702
"ENSG00000115364",17.25234639
"ENSG00000082515",6.978360575
"ENSG00000198015",15.56430933
"ENSG00000055950",15.30797617
"ENSG00000175581",24.87782009
"ENSG00000181991",12.28608799
"ENSG00000120333",19.59217423
"ENSG00000096080",18.51331997
"ENSG00000163319",6.134023377
"ENSG00000175110",14.78295126
"ENSG00000137409",57.15513877
"ENSG00000147649",30.32186912
"ENSG00000188786",4.963978159
"ENSG00000066855",7.224336846
"ENSG00000163738",5.533832163
"ENSG00000087053",27.11975022
"ENSG00000139505",14.59894255
"ENSG00000003987",18.24436199
"ENSG00000124275",14.50422459
"ENSG00000119950",67.27970292
"ENSG00000185697",1.829071058
"ENSG00000007944",27.19436861
"ENSG00000065534",10.2836115
"ENSG00000176658",37.57580954
"ENSG00000120729",10.91686664
"ENSG00000196132",1.653050804
"ENSG00000156239",6.655738818
"ENSG00000172766",13.53162709
"ENSG00000136274",9.815054842
"ENSG00000102452",30.23335644
"ENSG00000205531",24.74204697
"ENSG00000161048",27.03908165
"ENSG00000132780",36.64196782
"ENSG00000134369",14.99617196
"ENSG00000104320",12.09404933
"ENSG00000188554",19.16779447
"ENSG00000154654",127.8615964
"ENSG00000176771",51.21317676
"ENSG00000115053",54.55438149
"ENSG00000198646",12.47507837
"ENSG00000111912",50.99579731
"ENSG00000072864",11.3899449
"ENSG00000104419",44.86484648
"ENSG00000164182",45.5323196
"ENSG00000158864",48.39079106
"ENSG00000123119",67.77343909
"ENSG00000136098",39.34339415
"ENSG00000151414",27.07804394
"ENSG00000117691",125.6500271
"ENSG00000163531",18.74728522
"ENSG00000116044",42.84693982
"ENSG00000050344",8.087001126
"ENSG00000008441",21.10457532
"ENSG00000169599",17.94665072
"ENSG00000001167",9.612307414
"ENSG00000120837",11.37107871
"ENSG00000171840",55.23475935
"ENSG00000170113",18.00772122
"ENSG00000001461",27.63567365
"ENSG00000084628",7.922324596
"ENSG00000188580",332.4793832
"ENSG00000169760",78.03055999
"ENSG00000087095",47.38830902
"ENSG00000123213",4.304619543
"ENSG00000153406",9.928860302
"ENSG00000165271",3.706049694
"ENSG00000162408",5.82313142
"ENSG00000089250",2.487492248
"ENSG00000139910",28.83786401
"ENSG00000141458",26.47378368
"ENSG00000177463",13.05579582
"ENSG00000147383",10.2212897
"ENSG00000088833",8.248693618
"ENSG00000178425",33.41473961
"ENSG00000135778",4.871536119
"ENSG00000151413",10.42168992
"ENSG00000069275",54.14252298
"ENSG00000170584",14.41434168
"ENSG00000112874",7.025297709
"ENSG00000184221",87.45577533
"ENSG00000205927",26.22375984
"ENSG00000126861",148.2838024
"ENSG00000197430",251.1930243
"ENSG00000196071",22.52112918
"ENSG00000115942",13.59542719
"ENSG00000141447",65.7494523
"ENSG00000117859",19.66489351
"ENSG00000128694",9.245126816
"ENSG00000155100",12.75447834
"ENSG00000089041",70.78888618
"ENSG00000170515",13.19964185
"ENSG00000175575",33.503757
"ENSG00000163138",11.09281544
"ENSG00000117115",35.753094
"ENSG00000168092",38.28359579
"ENSG00000172239",10.42858679
"ENSG00000124374",33.78474384
"ENSG00000243444",23.84197002
"ENSG00000135473",10.20347195
"ENSG00000090060",20.98895673
"ENSG00000138801",46.80117879
"ENSG00000160781",63.5379949
"ENSG00000167081",13.24085187
"ENSG00000114054",11.31973268
"ENSG00000150275",10.39259928
"ENSG00000118946",18.02215354
"ENSG00000184226",1117.134578
"ENSG00000156374",7.908984021
"ENSG00000100982",6.422020176
"ENSG00000203880",23.81098438
"ENSG00000132646",28.81147938
"ENSG00000140479",27.71355321
"ENSG00000102230",7.569990909
"ENSG00000126249",5.860115478
"ENSG00000136940",15.19295262
"ENSG00000115252",65.69540377
"ENSG00000154678",45.25712404
"ENSG00000184588",206.8528724
"ENSG00000133256",15.24928928
"ENSG00000205268",11.38754594
"ENSG00000073417",76.71972302
"ENSG00000134853",18.29233269
"ENSG00000168291",28.27315499
"ENSG00000175087",5.458254025
"ENSG00000088356",12.50129171
"ENSG00000165650",10.98174843
"ENSG00000124299",8.765682797
"ENSG00000127980",14.16005666
"ENSG00000157911",2.481822515
"ENSG00000114757",91.48805533
"ENSG00000143256",107.8194376
"ENSG00000013375",13.51001377
"ENSG00000204138",19.13171426
"ENSG00000119403",2.546118149
"ENSG00000197724",5.662737148
"ENSG00000100410",8.441078858
"ENSG00000081913",79.11261334
"ENSG00000165443",104.0187984
"ENSG00000154864",11.98910557
"ENSG00000100564",16.80207244
"ENSG00000142892",14.52577073
"ENSG00000143315",7.820667378
"ENSG00000197563",13.96412912
"ENSG00000185808",6.491530056
"ENSG00000124155",36.69524733
"ENSG00000101464",33.10671843
"ENSG00000133056",11.58274812
"ENSG00000198355",8.373451995
"ENSG00000150867",567.9856459
"ENSG00000144283",87.98868639
"ENSG00000176485",82.18036897
"ENSG00000105499",20.2186323
"ENSG00000115896",89.10996904
"ENSG00000075651",28.27564841
"ENSG00000107679",22.80164793
"ENSG00000021300",85.26829942
"ENSG00000126822",14.26766237
"ENSG00000054690",67.00016928
"ENSG00000152527",10.53392722
"ENSG00000105355",8.689009227
"ENSG00000102934",211.4498582
"ENSG00000123560",1840.466647
"ENSG00000102024",44.23153947
"ENSG00000109099",200.6031048
"ENSG00000163344",18.25186865
"ENSG00000138035",42.1795498
"ENSG00000139323",14.30016743
"ENSG00000152359",8.740421054
"ENSG00000143157",13.57841702
"ENSG00000101868",7.713784026
"ENSG00000148229",13.0667506
"ENSG00000101751",6.425272811
"ENSG00000125630",3.825226541
"ENSG00000102978",12.21691784
"ENSG00000144231",7.94679273
"ENSG00000100142",31.7968494
"ENSG00000168002",33.05806228
"ENSG00000105258",31.91464902
"ENSG00000113356",6.534616662
"ENSG00000085998",9.695191135
"ENSG00000009830",4.134919835
"ENSG00000132429",9.576661455
"ENSG00000180817",58.33543364
"ENSG00000138777",23.20006892
"ENSG00000127125",9.708462054
"ENSG00000166387",8.124965825
"ENSG00000131013",32.30386795
"ENSG00000138032",40.48290751
"ENSG00000111110",28.93630881
"ENSG00000077157",18.27677524
"ENSG00000167641",169.1762767
"ENSG00000101445",28.72520589
"ENSG00000162869",44.17426677
"ENSG00000235194",11.71167423
"ENSG00000049769",6.724146082
"ENSG00000117751",13.70461508
"ENSG00000158528",27.91972334
"ENSG00000221914",37.5653458
"ENSG00000156475",270.1415305
"ENSG00000073711",19.20863344
"ENSG00000092020",20.4552604
"ENSG00000163605",12.22396225
"ENSG00000113593",24.03317338
"ENSG00000243279",14.38557627
"ENSG00000116731",19.00593679
"ENSG00000152784",5.765503488
"ENSG00000117450",153.4217712
"ENSG00000123131",15.93003069
"ENSG00000132356",11.52459441
"ENSG00000114302",12.03023697
"ENSG00000065675",14.04107652
"ENSG00000130175",10.62995881
"ENSG00000117707",15.08919408
"ENSG00000185246",22.21562183
"ENSG00000141127",13.48963912
"ENSG00000135362",13.92497497
"ENSG00000143363",6.796443734
"ENSG00000106772",49.95056295
"ENSG00000080815",38.51939042
"ENSG00000100519",12.39798383
"ENSG00000108671",15.39896775
"ENSG00000095261",13.00435932
"ENSG00000163636",14.17849872
"ENSG00000099341",17.57500188
"ENSG00000068878",24.6946564
"ENSG00000134222",38.11401275
"ENSG00000179988",3.620624828
"ENSG00000117569",36.03153164
"ENSG00000049883",7.561079664
"ENSG00000132300",15.7863046
"ENSG00000110958",57.42098798
"ENSG00000169398",64.47900305
"ENSG00000104960",10.06031897
"ENSG00000184007",77.78048207
"ENSG00000158079",17.24163601
"ENSG00000179295",27.36606624
"ENSG00000070778",3.367059455
"ENSG00000153707",198.4342519
"ENSG00000152894",67.22718955
"ENSG00000110400",8.282901991
"ENSG00000170234",27.44394084
"ENSG00000168297",191.4773385
"ENSG00000101417",9.199953164
"ENSG00000121350",6.273852497
"ENSG00000151552",338.9902935
"ENSG00000112531",157.8908104
"ENSG00000104679",7.50170717
"ENSG00000131242",5.540333411
"ENSG00000119396",35.08659064
"ENSG00000137502",12.64525962
"ENSG00000134594",34.21638558
"ENSG00000155961",4.994854475
"ENSG00000127328",14.46551717
"ENSG00000141542",26.75633173
"ENSG00000111540",22.59054063
"ENSG00000166128",13.27220485
"ENSG00000123595",26.78574493
"ENSG00000161800",3.665078922
"ENSG00000113522",20.30459964
"ENSG00000039560",7.490156684
"ENSG00000006451",13.91397939
"ENSG00000138698",62.59060127
"ENSG00000125249",20.75743781
"ENSG00000136237",49.12813919
"ENSG00000152689",22.98143378
"ENSG00000101265",47.55117153
"ENSG00000162521",14.29546672
"ENSG00000089050",4.00150224
"ENSG00000127993",19.13604124
"ENSG00000003756",27.48418148
"ENSG00000168214",49.81841301
"ENSG00000100387",57.60252522
"ENSG00000136144",25.15108228
"ENSG00000163743",11.09084562
"ENSG00000137710",73.68132422
"ENSG00000165476",56.29075514
"ENSG00000169891",13.7845655
"ENSG00000142599",28.70024021
"ENSG00000042445",6.352650414
"ENSG00000035928",21.35033099
"ENSG00000092871",6.981704358
"ENSG00000162944",73.69852287
"ENSG00000181827",13.88241483
"ENSG00000158315",21.51066505
"ENSG00000116574",69.13733652
"ENSG00000164327",25.16217822
"ENSG00000080345",13.41186551
"ENSG00000188026",11.55309441
"ENSG00000153561",19.21213026
"ENSG00000145916",3.244283529
"ENSG00000129538",508.4933223
"ENSG00000172922",10.52830244
"ENSG00000082996",137.9703035
"ENSG00000113269",37.82775665
"ENSG00000134758",13.46595174
"ENSG00000110315",25.5149689
"ENSG00000151692",33.52706014
"ENSG00000166439",6.775220227
"ENSG00000187147",101.8581268
"ENSG00000067836",35.57312881
"ENSG00000101413",7.973508456
"ENSG00000125844",7.089728774
"ENSG00000167325",7.113020084
"ENSG00000143303",6.419923656
"ENSG00000114993",15.70400405
"ENSG00000115310",195.8083523
"ENSG00000204130",28.34911659
"ENSG00000111832",15.21569282
"ENSG00000156253",10.05218238
"ENSG00000163602",38.62601769
"ENSG00000160307",382.5302965
"ENSG00000116497",8.69888272
"ENSG00000177570",34.91394695
"ENSG00000179134",13.68713107
"ENSG00000156671",21.94885553
"ENSG00000150459",51.73721743
"ENSG00000152700",23.11902964
"ENSG00000075856",7.881236835
"ENSG00000126524",78.44003416
"ENSG00000138760",75.68029737
"ENSG00000143653",19.59454293
"ENSG00000099194",339.6217378
"ENSG00000145284",161.033373
"ENSG00000073578",9.63775377
"ENSG00000117118",29.35009677
"ENSG00000166562",27.09226623
"ENSG00000103184",22.83050458
"ENSG00000093183",11.14083088
"ENSG00000025796",15.44570008
"ENSG00000138593",49.52954604
"ENSG00000198843",37.23665517
"ENSG00000075223",16.17459916
"ENSG00000187764",27.51655517
"ENSG00000092421",30.54349618
"ENSG00000137872",27.67335024
"ENSG00000138623",4.270995719
"ENSG00000163904",12.12062401
"ENSG00000250722",81.45917874
"ENSG00000178980",89.41805849
"ENSG00000122335",5.24420661
"ENSG00000164300",83.99824545
"ENSG00000187231",22.39881907
"ENSG00000119335",56.00138173
"ENSG00000185917",6.502662765
"ENSG00000170364",4.0714718
"ENSG00000168066",25.91320627
"ENSG00000104332",16.62169467
"ENSG00000061936",9.564407773
"ENSG00000198818",47.49269359
"ENSG00000107819",5.63289756
"ENSG00000163069",31.42893238
"ENSG00000127990",54.465048
"ENSG00000109686",43.22758067
"ENSG00000140600",191.300278
"ENSG00000148341",15.75391993
"ENSG00000107957",10.76664202
"ENSG00000169247",27.45592662
"ENSG00000185634",25.81872056
"ENSG00000198892",22.31847941
"ENSG00000187902",5.614533365
"ENSG00000144736",6.34053156
"ENSG00000160584",98.95994874
"ENSG00000068903",38.48473391
"ENSG00000039123",17.24152753
"ENSG00000139737",220.4544039
"ENSG00000064651",77.51056889
"ENSG00000158296",15.64443762
"ENSG00000165646",7.869275549
"ENSG00000163393",27.97196218
"ENSG00000137266",16.63511543
"ENSG00000155886",170.3242683
"ENSG00000004864",51.68284472
"ENSG00000122912",4.620538647
"ENSG00000100372",8.62313631
"ENSG00000152683",7.091428374
"ENSG00000136867",110.1536769
"ENSG00000121073",10.98074984
"ENSG00000124786",25.37609252
"ENSG00000130958",37.35304429
"ENSG00000175782",8.121188723
"ENSG00000180773",6.471024201
"ENSG00000134294",85.91128243
"ENSG00000141424",27.74313727
"ENSG00000070214",142.8582236
"ENSG00000211584",57.64668617
"ENSG00000158865",97.03748043
"ENSG00000130821",10.2970611
"ENSG00000084453",59.92715243
"ENSG00000176463",38.51902665
"ENSG00000137776",28.47500021
"ENSG00000153147",19.41616023
"ENSG00000173473",19.52292373
"ENSG00000108055",25.8969871
"ENSG00000163029",8.93701994
"ENSG00000198952",9.738391409
"ENSG00000198732",16.50666088
"ENSG00000184209",7.483725657
"ENSG00000168566",4.922942083
"ENSG00000169371",6.331590815
"ENSG00000100603",28.68105685
"ENSG00000028528",19.29319747
"ENSG00000115234",12.7726934
"ENSG00000120451",12.32209962
"ENSG00000157734",7.463120786
"ENSG00000143376",21.41319293
"ENSG00000148158",13.02331937
"ENSG00000129515",37.21821202
"ENSG00000134243",73.29903933
"ENSG00000100146",29.2002483
"ENSG00000005513",21.36579094
"ENSG00000105866",6.850944857
"ENSG00000021574",14.65614169
"ENSG00000042317",11.26694143
"ENSG00000114902",53.91500203
"ENSG00000118363",30.61060647
"ENSG00000128487",24.26287793
"ENSG00000133104",29.96933015
"ENSG00000090487",15.69978732
"ENSG00000152377",103.0972027
"ENSG00000196104",255.4395158
"ENSG00000157837",24.99674576
"ENSG00000176422",3.1926251
"ENSG00000090054",28.51337028
"ENSG00000179119",5.645929103
"ENSG00000104549",23.89682304
"ENSG00000068784",9.542983007
"ENSG00000128039",8.923247386
"ENSG00000135250",57.1672186
"ENSG00000133226",37.84244893
"ENSG00000138434",16.2789298
"ENSG00000100380",37.21463314
"ENSG00000147488",94.37065464
"ENSG00000115525",30.56210722
"ENSG00000084090",30.86122939
"ENSG00000159433",4.816836336
"ENSG00000169302",2.044824518
"ENSG00000198648",45.95472968
"ENSG00000015592",52.90204876
"ENSG00000173320",12.2101688
"ENSG00000115808",32.67481194
"ENSG00000135823",7.223662293
"ENSG00000116266",50.04488361
"ENSG00000163541",24.38305024
"ENSG00000165416",7.733948774
"ENSG00000165124",5.897401024
"ENSG00000198168",25.09514903
"ENSG00000116668",12.55638626
"ENSG00000078269",41.96885838
"ENSG00000132718",83.06371045
"ENSG00000170743",15.1417366
"ENSG00000137501",16.9824648
"ENSG00000152382",12.54691882
"ENSG00000064995",36.06511624
"ENSG00000178913",55.24389211
"ENSG00000187325",25.15951753
"ENSG00000177156",53.78385748
"ENSG00000160551",24.57148732
"ENSG00000169762",11.40235401
"ENSG00000185418",39.46988153
"ENSG00000147687",10.42773978
"ENSG00000203705",18.37097652
"ENSG00000213977",7.054888938
"ENSG00000169221",4.09922805
"ENSG00000108239",26.17796511
"ENSG00000107021",10.90834796
"ENSG00000121749",17.70444941
"ENSG00000036054",14.52341972
"ENSG00000133138",3.425250701
"ENSG00000171530",48.03693511
"ENSG00000105254",36.36887991
"ENSG00000140262",76.1287296
"ENSG00000101190",13.17854833
"ENSG00000166046",14.08498462
"ENSG00000145022",12.51842091
"ENSG00000042088",3.725193887
"ENSG00000196663",13.31161905
"ENSG00000147601",10.20377744
"ENSG00000070759",30.53516089
"ENSG00000091513",299.703104
"ENSG00000163235",10.90567061
"ENSG00000131931",6.883817713
"ENSG00000186340",20.00869486
"ENSG00000113296",7.827777667
"ENSG00000159445",8.902069393
"ENSG00000151923",41.78574693
"ENSG00000075336",14.15874927
"ENSG00000177370",5.864584575
"ENSG00000150779",31.26925463
"ENSG00000113845",26.08732975
"ENSG00000035862",37.52461578
"ENSG00000137221",20.98065605
"ENSG00000119139",18.35879607
"ENSG00000106829",28.40127508
"ENSG00000149809",14.90813746
"ENSG00000170537",17.09896307
"ENSG00000133069",11.78658614
"ENSG00000057704",20.25311374
"ENSG00000170348",51.22770521
"ENSG00000144339",94.04493598
"ENSG00000106460",11.09572494
"ENSG00000178307",6.845637412
"ENSG00000132406",18.08829248
"ENSG00000164124",199.9065561
"ENSG00000111843",38.305292
"ENSG00000134851",84.94465937
"ENSG00000215717",10.06374425
"ENSG00000163449",3.406606906
"ENSG00000151353",6.033092292
"ENSG00000164168",11.99546012
"ENSG00000065600",44.75324171
"ENSG00000204278",44.89505664
"ENSG00000109133",23.81975644
"ENSG00000095209",10.08342551
"ENSG00000166471",33.21024205
"ENSG00000116209",89.81537644
"ENSG00000196187",28.91324318
"ENSG00000180694",12.14766656
"ENSG00000159596",13.08639434
"ENSG00000174529",3.941320348
"ENSG00000103978",45.4393531
"ENSG00000006042",43.65195862
"ENSG00000175348",25.57547932
"ENSG00000179104",107.48076
"ENSG00000125247",35.11151985
"ENSG00000123610",13.2501077
"ENSG00000125657",4.097018509
"ENSG00000173273",17.42456116
"ENSG00000116147",13.05889061
"ENSG00000078687",16.09278588
"ENSG00000078804",68.06060182
"ENSG00000076554",15.63004002
"ENSG00000171368",37.48474737
"ENSG00000159713",32.0548574
"ENSG00000164548",81.75344271
"ENSG00000115993",15.43688849
"ENSG00000160218",8.354011059
"ENSG00000153339",11.03436698
"ENSG00000170855",16.18684901
"ENSG00000204977",16.34352516
"ENSG00000108448",3.546520202
"ENSG00000109654",120.3689507
"ENSG00000122779",8.449163511
"ENSG00000116525",8.523105672
"ENSG00000043514",12.7965196
"ENSG00000126814",4.626860968
"ENSG00000180098",10.03321206
"ENSG00000072756",8.518779412
"ENSG00000100991",36.89823316
"ENSG00000119121",5.644935184
"ENSG00000167112",10.52122877
"ENSG00000135951",10.98103315
"ENSG00000099282",23.59207615
"ENSG00000135452",7.191338542
"ENSG00000113312",49.1041002
"ENSG00000018699",12.51813885
"ENSG00000183891",13.29132739
"ENSG00000114999",10.32136528
"ENSG00000175764",29.04142939
"ENSG00000119685",8.813119431
"ENSG00000137941",136.723613
"ENSG00000141540",52.87900584
"ENSG00000167552",369.5655095
"ENSG00000104833",61.08523989
"ENSG00000130338",41.9198997
"ENSG00000113621",8.25754627
"ENSG00000115514",9.500524816
"ENSG00000091164",16.39701124
"ENSG00000092445",12.04428772
"ENSG00000162971",3.623714267
"ENSG00000033178",14.15578686
"ENSG00000077721",20.48085713
"ENSG00000132388",22.17952037
"ENSG00000107341",28.73851462
"ENSG00000159202",12.39172883
"ENSG00000130939",18.65175168
"ENSG00000122042",46.35580956
"ENSG00000198258",61.30601187
"ENSG00000173960",6.24854978
"ENSG00000144224",44.13725427
"ENSG00000014123",32.00181085
"ENSG00000174607",142.5409401
"ENSG00000147854",8.794229925
"ENSG00000182168",65.47913914
"ENSG00000169062",38.99835572
"ENSG00000105176",33.95572932
"ENSG00000167118",12.83888545
"ENSG00000162607",10.15410398
"ENSG00000101557",18.01355524
"ENSG00000156256",29.08347712
"ENSG00000135093",11.39647565
"ENSG00000103404",11.45487088
"ENSG00000170832",28.88715514
"ENSG00000170242",25.43657267
"ENSG00000090686",15.94400965
"ENSG00000166348",34.58143334
"ENSG00000164338",5.115438475
"ENSG00000139190",13.27150223
"ENSG00000049245",57.469695
"ENSG00000124164",8.031606661
"ENSG00000155959",34.7230882
"ENSG00000038427",15.25508616
"ENSG00000136451",31.62396344
"ENSG00000147852",7.328769725
"ENSG00000122958",22.76954188
"ENSG00000155975",10.83861099
"ENSG00000156931",11.6651866
"ENSG00000028116",53.60862171
"ENSG00000187135",61.86976649
"ENSG00000009844",16.34912174
"ENSG00000100568",13.69628828
"ENSG00000095787",22.95442946
"ENSG00000143951",14.03430337
"ENSG00000140153",16.97914793
"ENSG00000131725",19.90494784
"ENSG00000140006",9.782696323
"ENSG00000156795",11.1318789
"ENSG00000115935",16.25454997
"ENSG00000060237",48.80263157
"ENSG00000182093",27.26143325
"ENSG00000109046",171.5980266
"ENSG00000179314",4.758750826
"ENSG00000198373",8.054445822
"ENSG00000196236",5.307175616
"ENSG00000169180",17.61310009
"ENSG00000130227",10.85645351
"ENSG00000166435",8.202808126
"ENSG00000103489",8.326252245
"ENSG00000241127",17.04764898
"ENSG00000139131",12.34159942
"ENSG00000182362",8.75189704
"ENSG00000181704",13.79618998
"ENSG00000180667",4.194063278
"ENSG00000175155",22.13579161
"ENSG00000108953",126.6043443
"ENSG00000134308",146.3630852
"ENSG00000236287",13.09547337
"ENSG00000181472",5.340533244
"ENSG00000177485",6.82793541
"ENSG00000196323",14.66568321
"ENSG00000186130",4.547380857
"ENSG00000102053",5.23487579
"ENSG00000123200",31.6118288
"ENSG00000188177",9.40391667
"ENSG00000126970",5.961873805
"ENSG00000165424",30.99837083
"ENSG00000168228",4.311595823
"ENSG00000139168",17.50186092
"ENSG00000175048",11.91645944
"ENSG00000171307",6.63928198
"ENSG00000180776",106.2774246
"ENSG00000188706",57.97004349
"ENSG00000169554",85.60911378
"ENSG00000172671",4.385439662
"ENSG00000184517",7.218929619
"ENSG00000142065",11.7209196
"ENSG00000180787",5.246546528
"ENSG00000120784",4.739706051
"ENSG00000181007",3.793730588
"ENSG00000056097",35.51359122
"ENSG00000165861",4.962381401
"ENSG00000039319",90.26088137
"ENSG00000106261",32.25335679
"ENSG00000189298",2.037831977
"ENSG00000121741",24.79976102
"ENSG00000176293",6.363300681
"ENSG00000167635",52.8293383
"ENSG00000204920",8.326599837
"ENSG00000105497",6.165083254
"ENSG00000197841",8.689763291
"ENSG00000096654",9.747948823
"ENSG00000136870",38.64422006
"ENSG00000163067",3.179537767
"ENSG00000166261",2.345098142
"ENSG00000167380",11.17129605
"ENSG00000131115",7.068069657
"ENSG00000167840",5.110003277
"ENSG00000172466",28.14493015
"ENSG00000083844",11.22724317
"ENSG00000090612",6.453074444
"ENSG00000198839",18.37775049
"ENSG00000137871",21.09586348
"ENSG00000162702",23.99469761
"ENSG00000169740",31.94691635
"ENSG00000162664",10.15957153
"ENSG00000256683",4.32538238
"ENSG00000177932",4.151204155
"ENSG00000138311",18.34746984
"ENSG00000075407",12.01055603
"ENSG00000186812",21.8751039
"ENSG00000147124",4.987317642
"ENSG00000170954",9.016532636
"ENSG00000112200",17.5331702
"ENSG00000197016",2.531274152
"ENSG00000142528",2.549936172
"ENSG00000081386",4.73985367
"ENSG00000144026",5.438563918
"ENSG00000198597",47.00290787
"ENSG00000196357",38.74034106
"ENSG00000186017",6.793119574
"ENSG00000196437",5.379922919
"ENSG00000180479",3.744953062
"ENSG00000189144",7.562959784
"ENSG00000161551",8.062859938
"ENSG00000245680",7.348311944
"ENSG00000164048",3.755062202
"ENSG00000197701",5.440790188
"ENSG00000168916",22.58578911
"ENSG00000142556",5.028333956
"ENSG00000197566",3.55020648
"ENSG00000198551",8.683149073
"ENSG00000075292",49.72444108
"ENSG00000122482",34.51757947
"ENSG00000198740",27.43001371
"ENSG00000164684",13.22020865
"ENSG00000120963",17.18907215
"ENSG00000182141",46.9700878
"ENSG00000117174",13.70913878
"ENSG00000140265",3.651892307
"ENSG00000186814",5.777499326
"ENSG00000036549",24.29841983
